Point ID,X (ECEF),Y (ECEF),Z (ECEF)
AUTO0002,-2956584.481,5075878.987,2476667.608
AUTO0003,-2956584.477,5075878.983,2476667.601
AUTO0004,-2956584.484,5075878.99,2476667.608
AUTO0005,-2956584.486,5075878.988,2476667.61
AUTO0006,-2956584.478,5075878.986,2476667.613
AUTO0007,-2956584.477,5075878.986,2476667.609
AUTO0008,-2956584.479,5075878.989,2476667.612
AUTO0009,-2956584.478,5075878.984,2476667.612
AUTO0010,-2956584.476,5075878.987,2476667.609
AUTO0011,-2956584.481,5075878.992,2476667.612
AUTO0012,-2956584.484,5075878.993,2476667.615
AUTO0013,-2956584.48,5075878.986,2476667.611
AUTO0014,-2956584.478,5075878.987,2476667.607
AUTO0015,-2956584.48,5075878.988,2476667.611
AUTO0016,-2956584.482,5075878.994,2476667.609
AUTO0017,-2956584.481,5075878.99,2476667.612
AUTO0018,-2956584.482,5075878.991,2476667.612
AUTO0019,-2956584.483,5075878.991,2476667.61
AUTO0020,-2956584.481,5075878.989,2476667.608
AUTO0021,-2956584.485,5075878.998,2476667.611
AUTO0022,-2956584.482,5075878.992,2476667.609
AUTO0023,-2956584.486,5075878.988,2476667.609
AUTO0024,-2956584.484,5075878.991,2476667.61
AUTO0025,-2956584.482,5075878.991,2476667.607
AUTO0026,-2956584.487,5075878.989,2476667.606
AUTO0027,-2956584.488,5075878.992,2476667.61
AUTO0028,-2956584.484,5075878.992,2476667.609
AUTO0029,-2956584.488,5075878.989,2476667.609
AUTO0030,-2956584.48,5075878.983,2476667.603
AUTO0031,-2956584.483,5075878.988,2476667.606
AUTO0032,-2956584.485,5075878.991,2476667.609
AUTO0033,-2956584.482,5075878.989,2476667.607
AUTO0034,-2956584.483,5075878.985,2476667.61
AUTO0035,-2956584.487,5075878.989,2476667.61
AUTO0036,-2956584.484,5075878.987,2476667.611
AUTO0037,-2956584.482,5075878.984,2476667.607
AUTO0038,-2956584.482,5075878.982,2476667.609
AUTO0039,-2956584.477,5075878.979,2476667.607
AUTO0040,-2956584.487,5075878.987,2476667.611
AUTO0041,-2956584.483,5075878.982,2476667.609
AUTO0042,-2956584.482,5075878.984,2476667.608
AUTO0043,-2956584.485,5075878.987,2476667.609
AUTO0044,-2956584.485,5075878.986,2476667.612
AUTO0045,-2956584.484,5075878.981,2476667.605
AUTO0046,-2956584.483,5075878.98,2476667.604
AUTO0047,-2956584.484,5075878.982,2476667.606
AUTO0048,-2956584.477,5075878.981,2476667.604
AUTO0049,-2956584.482,5075878.982,2476667.607
AUTO0050,-2956584.48,5075878.98,2476667.606
AUTO0051,-2956584.477,5075878.977,2476667.605
AUTO0052,-2956584.482,5075878.98,2476667.606
AUTO0053,-2956584.476,5075878.981,2476667.604
AUTO0054,-2956584.48,5075878.982,2476667.607
AUTO0055,-2956584.482,5075878.988,2476667.605
AUTO0056,-2956584.483,5075878.983,2476667.605
AUTO0057,-2956584.475,5075878.977,2476667.602
AUTO0058,-2956584.482,5075878.982,2476667.604
AUTO0059,-2956584.477,5075878.982,2476667.6
AUTO0060,-2956584.477,5075878.983,2476667.602
AUTO0061,-2956584.482,5075878.988,2476667.603
AUTO0062,-2956584.484,5075878.983,2476667.606
AUTO0063,-2956584.485,5075878.991,2476667.61
AUTO0064,-2956584.481,5075878.987,2476667.611
AUTO0065,-2956584.483,5075878.985,2476667.608
AUTO0066,-2956584.484,5075878.988,2476667.615
AUTO0067,-2956584.486,5075878.99,2476667.609
AUTO0068,-2956584.482,5075878.985,2476667.607
AUTO0069,-2956584.487,5075878.987,2476667.608
AUTO0070,-2956584.487,5075878.99,2476667.609
AUTO0071,-2956584.482,5075878.989,2476667.606
AUTO0072,-2956584.488,5075878.994,2476667.611
AUTO0073,-2956584.491,5075878.993,2476667.612
AUTO0074,-2956584.487,5075878.988,2476667.61
AUTO0075,-2956584.484,5075878.985,2476667.606
AUTO0076,-2956584.489,5075878.99,2476667.609
AUTO0077,-2956584.49,5075878.995,2476667.612
AUTO0078,-2956584.488,5075878.995,2476667.612
AUTO0079,-2956584.485,5075878.988,2476667.608
AUTO0080,-2956584.484,5075878.99,2476667.604
AUTO0081,-2956584.488,5075878.993,2476667.611
AUTO0082,-2956584.484,5075878.989,2476667.604
AUTO0083,-2956584.483,5075878.993,2476667.605
AUTO0084,-2956584.485,5075878.989,2476667.603
AUTO0085,-2956584.484,5075878.988,2476667.605
AUTO0086,-2956584.488,5075878.991,2476667.608
AUTO0087,-2956584.486,5075878.986,2476667.607
AUTO0088,-2956584.482,5075878.988,2476667.603
AUTO0089,-2956584.48,5075878.98,2476667.599
AUTO0090,-2956584.48,5075878.987,2476667.603
AUTO0091,-2956584.483,5075878.989,2476667.601
AUTO0092,-2956584.478,5075878.986,2476667.603
AUTO0093,-2956584.482,5075878.989,2476667.6
AUTO0094,-2956584.484,5075878.99,2476667.604
AUTO0095,-2956584.482,5075878.985,2476667.601
AUTO0096,-2956584.478,5075878.986,2476667.599
AUTO0097,-2956584.481,5075878.984,2476667.6
AUTO0098,-2956584.479,5075878.982,2476667.597
AUTO0099,-2956584.481,5075878.983,2476667.598
AUTO0100,-2956584.484,5075878.987,2476667.602
AUTO0101,-2956584.483,5075878.986,2476667.603
AUTO0102,-2956584.484,5075878.988,2476667.601
AUTO0103,-2956584.479,5075878.983,2476667.599
AUTO0104,-2956584.483,5075878.988,2476667.604
AUTO0105,-2956584.478,5075878.982,2476667.596
AUTO0106,-2956584.479,5075878.986,2476667.601
AUTO0107,-2956584.484,5075878.989,2476667.602
AUTO0108,-2956584.479,5075878.985,2476667.606
AUTO0109,-2956584.48,5075878.984,2476667.602
AUTO0110,-2956584.485,5075878.985,2476667.6
AUTO0111,-2956584.484,5075878.988,2476667.604
AUTO0112,-2956584.481,5075878.982,2476667.604
AUTO0113,-2956584.478,5075878.986,2476667.601
AUTO0114,-2956584.477,5075878.983,2476667.602
AUTO0115,-2956584.48,5075878.987,2476667.601
AUTO0116,-2956584.479,5075878.981,2476667.599
AUTO0117,-2956584.481,5075878.99,2476667.605
AUTO0118,-2956584.478,5075878.984,2476667.605
AUTO0119,-2956584.477,5075878.986,2476667.603
AUTO0120,-2956584.475,5075878.981,2476667.603
AUTO0121,-2956584.477,5075878.985,2476667.602
AUTO0122,-2956584.482,5075878.987,2476667.605
AUTO0123,-2956584.478,5075878.987,2476667.602
AUTO0124,-2956584.482,5075878.986,2476667.599
AUTO0125,-2956584.481,5075878.988,2476667.603
AUTO0126,-2956584.483,5075878.987,2476667.603
AUTO0127,-2956584.479,5075878.986,2476667.6
AUTO0128,-2956584.482,5075878.987,2476667.6
AUTO0129,-2956584.483,5075878.989,2476667.603
AUTO0130,-2956584.485,5075878.989,2476667.603
AUTO0131,-2956584.482,5075878.989,2476667.603
AUTO0132,-2956584.485,5075878.992,2476667.604
AUTO0133,-2956584.485,5075878.99,2476667.607
AUTO0134,-2956584.484,5075878.992,2476667.604
AUTO0135,-2956584.485,5075878.991,2476667.605
AUTO0136,-2956584.483,5075878.99,2476667.603
AUTO0137,-2956584.486,5075878.992,2476667.604
AUTO0138,-2956584.486,5075878.992,2476667.603
AUTO0139,-2956584.478,5075878.986,2476667.6
AUTO0140,-2956584.482,5075878.99,2476667.602
AUTO0141,-2956584.479,5075878.984,2476667.603
AUTO0142,-2956584.485,5075878.992,2476667.607
AUTO0143,-2956584.481,5075878.989,2476667.605
AUTO0144,-2956584.484,5075878.99,2476667.607
AUTO0145,-2956584.484,5075878.991,2476667.604
AUTO0146,-2956584.48,5075878.986,2476667.602
AUTO0147,-2956584.482,5075878.987,2476667.604
AUTO0148,-2956584.481,5075878.985,2476667.599
AUTO0149,-2956584.479,5075878.985,2476667.601
AUTO0150,-2956584.483,5075878.987,2476667.605
AUTO0151,-2956584.481,5075878.99,2476667.602
AUTO0152,-2956584.486,5075878.993,2476667.607
AUTO0153,-2956584.483,5075878.991,2476667.603
AUTO0154,-2956584.486,5075878.991,2476667.603
AUTO0155,-2956584.484,5075878.994,2476667.603
AUTO0156,-2956584.484,5075878.993,2476667.605
AUTO0157,-2956584.477,5075878.992,2476667.604
AUTO0158,-2956584.488,5075878.992,2476667.607
AUTO0159,-2956584.487,5075878.994,2476667.607
AUTO0160,-2956584.485,5075878.995,2476667.605
AUTO0161,-2956584.483,5075878.989,2476667.605
AUTO0162,-2956584.482,5075878.998,2476667.608
AUTO0163,-2956584.485,5075878.997,2476667.609
AUTO0164,-2956584.484,5075878.998,2476667.607
AUTO0165,-2956584.484,5075878.993,2476667.606
AUTO0166,-2956584.482,5075878.995,2476667.607
AUTO0167,-2956584.482,5075878.99,2476667.608
AUTO0168,-2956584.485,5075878.994,2476667.611
AUTO0169,-2956584.478,5075878.992,2476667.607
AUTO0170,-2956584.488,5075878.993,2476667.61
AUTO0171,-2956584.486,5075878.994,2476667.609
AUTO0172,-2956584.483,5075878.988,2476667.61
AUTO0173,-2956584.483,5075878.993,2476667.61
AUTO0174,-2956584.486,5075878.994,2476667.612
AUTO0175,-2956584.486,5075878.995,2476667.611
AUTO0176,-2956584.49,5075878.995,2476667.611
AUTO0177,-2956584.491,5075878.997,2476667.613
AUTO0178,-2956584.488,5075878.993,2476667.606
AUTO0179,-2956584.49,5075878.993,2476667.609
AUTO0180,-2956584.489,5075878.999,2476667.608
AUTO0181,-2956584.485,5075878.994,2476667.609
AUTO0182,-2956584.486,5075878.994,2476667.609
AUTO0183,-2956584.486,5075878.994,2476667.609
AUTO0184,-2956584.486,5075878.995,2476667.611
AUTO0185,-2956584.488,5075878.994,2476667.609
AUTO0186,-2956584.485,5075878.993,2476667.608
AUTO0187,-2956584.487,5075878.995,2476667.609
AUTO0188,-2956584.484,5075878.993,2476667.614
AUTO0189,-2956584.487,5075878.997,2476667.612
AUTO0190,-2956584.485,5075878.996,2476667.612
AUTO0191,-2956584.487,5075878.995,2476667.612
AUTO0192,-2956584.487,5075878.995,2476667.612
AUTO0193,-2956584.483,5075878.996,2476667.606
AUTO0194,-2956584.488,5075878.997,2476667.617
AUTO0195,-2956584.487,5075878.995,2476667.611
AUTO0196,-2956584.487,5075878.993,2476667.612
AUTO0197,-2956584.488,5075879,2476667.617
AUTO0198,-2956584.483,5075878.991,2476667.609
AUTO0199,-2956584.485,5075878.991,2476667.609
AUTO0200,-2956584.493,5075879.002,2476667.62
AUTO0201,-2956584.491,5075878.998,2476667.614
AUTO0202,-2956584.485,5075878.994,2476667.61
AUTO0203,-2956584.488,5075878.996,2476667.614
AUTO0204,-2956584.491,5075878.995,2476667.616
AUTO0205,-2956584.487,5075878.995,2476667.61
AUTO0206,-2956584.487,5075878.993,2476667.609
AUTO0207,-2956584.489,5075878.997,2476667.613
AUTO0208,-2956584.482,5075878.991,2476667.608
AUTO0209,-2956584.491,5075878.998,2476667.611
AUTO0210,-2956584.49,5075878.998,2476667.613
AUTO0211,-2956584.489,5075878.995,2476667.613
AUTO0212,-2956584.484,5075878.994,2476667.61
AUTO0213,-2956584.487,5075878.996,2476667.611
AUTO0214,-2956584.491,5075879,2476667.611
AUTO0215,-2956584.487,5075878.999,2476667.612
AUTO0216,-2956584.484,5075878.996,2476667.61
AUTO0217,-2956584.484,5075878.991,2476667.61
AUTO0218,-2956584.489,5075878.996,2476667.61
AUTO0219,-2956584.487,5075879,2476667.618
AUTO0220,-2956584.485,5075878.994,2476667.612
AUTO0221,-2956584.486,5075878.998,2476667.61
AUTO0222,-2956584.482,5075878.993,2476667.609
AUTO0223,-2956584.483,5075878.993,2476667.611
AUTO0224,-2956584.48,5075878.993,2476667.609
AUTO0225,-2956584.477,5075878.984,2476667.608
AUTO0226,-2956584.48,5075878.994,2476667.612
AUTO0227,-2956584.479,5075878.987,2476667.609
AUTO0228,-2956584.482,5075878.993,2476667.612
AUTO0229,-2956584.479,5075878.989,2476667.61
AUTO0230,-2956584.488,5075878.996,2476667.611
AUTO0231,-2956584.481,5075878.992,2476667.611
AUTO0232,-2956584.483,5075878.993,2476667.61
AUTO0233,-2956584.484,5075878.994,2476667.609
AUTO0234,-2956584.481,5075878.993,2476667.611
AUTO0235,-2956584.481,5075878.993,2476667.614
AUTO0236,-2956584.485,5075878.998,2476667.612
AUTO0237,-2956584.486,5075878.991,2476667.607
AUTO0238,-2956584.48,5075878.986,2476667.604
AUTO0239,-2956584.48,5075878.991,2476667.608
AUTO0240,-2956584.481,5075878.988,2476667.606
AUTO0241,-2956584.481,5075878.993,2476667.609
AUTO0242,-2956584.484,5075878.992,2476667.612
AUTO0243,-2956584.48,5075878.987,2476667.607
AUTO0244,-2956584.485,5075878.992,2476667.61
AUTO0245,-2956584.48,5075878.989,2476667.605
AUTO0246,-2956584.48,5075878.987,2476667.607
AUTO0247,-2956584.481,5075878.983,2476667.608
AUTO0248,-2956584.483,5075878.988,2476667.608
AUTO0249,-2956584.483,5075878.989,2476667.606
AUTO0250,-2956584.484,5075878.986,2476667.607
AUTO0251,-2956584.485,5075878.992,2476667.607
AUTO0252,-2956584.481,5075878.986,2476667.606
AUTO0253,-2956584.479,5075878.987,2476667.603
AUTO0254,-2956584.483,5075878.986,2476667.605
AUTO0255,-2956584.484,5075878.988,2476667.606
AUTO0256,-2956584.481,5075878.986,2476667.607
AUTO0257,-2956584.481,5075878.988,2476667.61
AUTO0258,-2956584.48,5075878.986,2476667.604
AUTO0259,-2956584.483,5075878.99,2476667.608
AUTO0260,-2956584.478,5075878.985,2476667.604
AUTO0261,-2956584.48,5075878.987,2476667.604
AUTO0262,-2956584.478,5075878.985,2476667.601
AUTO0263,-2956584.481,5075878.989,2476667.607
AUTO0264,-2956584.482,5075878.988,2476667.606
AUTO0265,-2956584.48,5075878.987,2476667.604
AUTO0266,-2956584.481,5075878.99,2476667.607
AUTO0267,-2956584.48,5075878.993,2476667.606
AUTO0268,-2956584.483,5075878.99,2476667.604
AUTO0269,-2956584.477,5075878.984,2476667.603
AUTO0270,-2956584.482,5075878.99,2476667.607
AUTO0271,-2956584.48,5075878.985,2476667.605
AUTO0272,-2956584.479,5075878.99,2476667.607
AUTO0273,-2956584.479,5075878.984,2476667.606
AUTO0274,-2956584.483,5075878.992,2476667.608
AUTO0275,-2956584.482,5075878.986,2476667.609
AUTO0276,-2956584.481,5075878.987,2476667.608
AUTO0277,-2956584.48,5075878.986,2476667.606
AUTO0278,-2956584.48,5075878.984,2476667.606
AUTO0279,-2956584.483,5075878.989,2476667.608
AUTO0280,-2956584.48,5075878.984,2476667.61
AUTO0281,-2956584.486,5075878.987,2476667.612
AUTO0282,-2956584.483,5075878.988,2476667.609
AUTO0283,-2956584.485,5075878.991,2476667.61
AUTO0284,-2956584.482,5075878.987,2476667.607
AUTO0285,-2956584.477,5075878.982,2476667.607
AUTO0286,-2956584.48,5075878.981,2476667.603
AUTO0287,-2956584.482,5075878.985,2476667.606
AUTO0288,-2956584.481,5075878.983,2476667.608
AUTO0289,-2956584.484,5075878.988,2476667.608
AUTO0290,-2956584.483,5075878.987,2476667.611
AUTO0291,-2956584.482,5075878.986,2476667.609
AUTO0292,-2956584.478,5075878.982,2476667.61
AUTO0293,-2956584.481,5075878.987,2476667.611
AUTO0294,-2956584.485,5075878.984,2476667.612
AUTO0295,-2956584.482,5075878.989,2476667.61
AUTO0296,-2956584.483,5075878.988,2476667.612
AUTO0297,-2956584.481,5075878.984,2476667.607
AUTO0298,-2956584.486,5075878.986,2476667.611
AUTO0299,-2956584.478,5075878.985,2476667.604
AUTO0300,-2956584.479,5075878.981,2476667.607
AUTO0301,-2956584.486,5075878.986,2476667.607
AUTO0302,-2956584.478,5075878.981,2476667.606
AUTO0303,-2956584.485,5075878.99,2476667.611
AUTO0304,-2956584.487,5075878.989,2476667.612
AUTO0305,-2956584.483,5075878.985,2476667.608
AUTO0306,-2956584.483,5075878.987,2476667.609
AUTO0307,-2956584.488,5075878.986,2476667.612
AUTO0308,-2956584.486,5075878.989,2476667.612
AUTO0309,-2956584.484,5075878.987,2476667.611
AUTO0310,-2956584.483,5075878.986,2476667.609
AUTO0311,-2956584.481,5075878.984,2476667.609
AUTO0312,-2956584.48,5075878.985,2476667.606
AUTO0313,-2956584.481,5075878.985,2476667.608
AUTO0314,-2956584.476,5075878.981,2476667.605
AUTO0315,-2956584.482,5075878.986,2476667.611
AUTO0316,-2956584.478,5075878.983,2476667.607
AUTO0317,-2956584.479,5075878.987,2476667.608
AUTO0318,-2956584.482,5075878.989,2476667.611
AUTO0319,-2956584.48,5075878.985,2476667.607
AUTO0320,-2956584.482,5075878.99,2476667.611
AUTO0321,-2956584.479,5075878.989,2476667.61
AUTO0322,-2956584.481,5075878.987,2476667.608
AUTO0323,-2956584.478,5075878.981,2476667.607
AUTO0324,-2956584.481,5075878.984,2476667.609
AUTO0325,-2956584.487,5075878.991,2476667.613
AUTO0326,-2956584.484,5075878.985,2476667.61
AUTO0327,-2956584.479,5075878.984,2476667.608
AUTO0328,-2956584.483,5075878.988,2476667.609
AUTO0329,-2956584.486,5075878.988,2476667.614
AUTO0330,-2956584.475,5075878.981,2476667.605
AUTO0331,-2956584.482,5075878.984,2476667.61
AUTO0332,-2956584.478,5075878.981,2476667.605
AUTO0333,-2956584.483,5075878.986,2476667.61
AUTO0334,-2956584.482,5075878.986,2476667.609
AUTO0335,-2956584.478,5075878.979,2476667.606
AUTO0336,-2956584.476,5075878.983,2476667.611
AUTO0337,-2956584.48,5075878.982,2476667.608
AUTO0338,-2956584.482,5075878.986,2476667.611
AUTO0339,-2956584.477,5075878.982,2476667.605
AUTO0340,-2956584.482,5075878.984,2476667.61
AUTO0341,-2956584.479,5075878.987,2476667.609
AUTO0342,-2956584.478,5075878.987,2476667.607
AUTO0343,-2956584.483,5075878.989,2476667.61
AUTO0344,-2956584.483,5075878.984,2476667.612
AUTO0345,-2956584.483,5075878.989,2476667.608
AUTO0346,-2956584.478,5075878.984,2476667.601
AUTO0347,-2956584.482,5075878.988,2476667.612
AUTO0348,-2956584.484,5075878.992,2476667.61
AUTO0349,-2956584.481,5075878.988,2476667.609
AUTO0350,-2956584.484,5075878.993,2476667.608
AUTO0351,-2956584.486,5075878.994,2476667.609
AUTO0352,-2956584.489,5075878.992,2476667.61
AUTO0353,-2956584.483,5075878.989,2476667.608
AUTO0354,-2956584.483,5075878.988,2476667.607
AUTO0355,-2956584.482,5075878.987,2476667.605
AUTO0356,-2956584.482,5075878.984,2476667.607
AUTO0357,-2956584.479,5075878.985,2476667.607
AUTO0358,-2956584.482,5075878.99,2476667.609
AUTO0359,-2956584.479,5075878.985,2476667.605
AUTO0360,-2956584.486,5075878.99,2476667.609
AUTO0361,-2956584.476,5075878.983,2476667.603
AUTO0362,-2956584.481,5075878.985,2476667.606
AUTO0363,-2956584.482,5075878.987,2476667.61
AUTO0364,-2956584.48,5075878.99,2476667.608
AUTO0365,-2956584.482,5075878.983,2476667.61
AUTO0366,-2956584.477,5075878.985,2476667.607
AUTO0367,-2956584.481,5075878.989,2476667.607
AUTO0368,-2956584.477,5075878.986,2476667.608
AUTO0369,-2956584.481,5075878.985,2476667.609
AUTO0370,-2956584.48,5075878.983,2476667.606
AUTO0371,-2956584.482,5075878.988,2476667.606
AUTO0372,-2956584.482,5075878.985,2476667.608
AUTO0373,-2956584.478,5075878.988,2476667.609
AUTO0374,-2956584.48,5075878.984,2476667.608
AUTO0375,-2956584.484,5075878.991,2476667.612
AUTO0376,-2956584.481,5075878.986,2476667.605
AUTO0377,-2956584.478,5075878.986,2476667.607
AUTO0378,-2956584.483,5075878.986,2476667.61
AUTO0379,-2956584.485,5075878.987,2476667.611
AUTO0380,-2956584.487,5075878.991,2476667.612
AUTO0381,-2956584.487,5075878.989,2476667.613
AUTO0382,-2956584.484,5075878.992,2476667.606
AUTO0383,-2956584.482,5075878.986,2476667.607
AUTO0384,-2956584.488,5075878.991,2476667.611
AUTO0385,-2956584.485,5075878.992,2476667.609
AUTO0386,-2956584.483,5075878.988,2476667.609
AUTO0387,-2956584.483,5075878.986,2476667.608
AUTO0388,-2956584.486,5075878.991,2476667.608
AUTO0389,-2956584.482,5075878.989,2476667.606
AUTO0390,-2956584.482,5075878.985,2476667.606
AUTO0391,-2956584.481,5075878.986,2476667.602
AUTO0392,-2956584.485,5075878.989,2476667.61
AUTO0393,-2956584.485,5075878.986,2476667.608
AUTO0394,-2956584.488,5075878.991,2476667.614
AUTO0395,-2956584.483,5075878.989,2476667.605
AUTO0396,-2956584.488,5075878.993,2476667.611
AUTO0397,-2956584.483,5075878.99,2476667.609
AUTO0398,-2956584.482,5075878.986,2476667.608
AUTO0399,-2956584.484,5075878.99,2476667.606
AUTO0400,-2956584.483,5075878.985,2476667.611
AUTO0401,-2956584.489,5075878.995,2476667.612
AUTO0402,-2956584.48,5075878.984,2476667.601
AUTO0403,-2956584.486,5075878.986,2476667.606
AUTO0404,-2956584.486,5075878.989,2476667.61
AUTO0405,-2956584.486,5075878.989,2476667.607
AUTO0406,-2956584.483,5075878.981,2476667.601
AUTO0407,-2956584.483,5075878.985,2476667.606
AUTO0408,-2956584.486,5075878.987,2476667.606
AUTO0409,-2956584.488,5075878.987,2476667.611
AUTO0410,-2956584.48,5075878.986,2476667.603
AUTO0411,-2956584.484,5075878.986,2476667.607
AUTO0412,-2956584.488,5075878.99,2476667.608
AUTO0413,-2956584.488,5075878.993,2476667.611
AUTO0414,-2956584.487,5075878.994,2476667.611
AUTO0415,-2956584.483,5075878.99,2476667.608
AUTO0416,-2956584.488,5075878.996,2476667.61
AUTO0417,-2956584.484,5075878.995,2476667.61
AUTO0418,-2956584.488,5075878.995,2476667.61
AUTO0419,-2956584.488,5075878.998,2476667.609
AUTO0420,-2956584.482,5075878.992,2476667.609
AUTO0421,-2956584.488,5075878.994,2476667.612
AUTO0422,-2956584.482,5075878.994,2476667.609
AUTO0423,-2956584.482,5075878.993,2476667.612
AUTO0424,-2956584.484,5075878.997,2476667.613
AUTO0425,-2956584.483,5075878.996,2476667.607
AUTO0426,-2956584.485,5075878.999,2476667.612
AUTO0427,-2956584.483,5075878.992,2476667.612
AUTO0428,-2956584.482,5075878.994,2476667.612
AUTO0429,-2956584.48,5075878.989,2476667.604
AUTO0430,-2956584.484,5075878.994,2476667.612
AUTO0431,-2956584.484,5075878.996,2476667.612
AUTO0432,-2956584.48,5075878.991,2476667.609
AUTO0433,-2956584.484,5075878.992,2476667.612
AUTO0434,-2956584.482,5075878.993,2476667.61
AUTO0435,-2956584.487,5075878.996,2476667.613
AUTO0436,-2956584.491,5075879.003,2476667.614
AUTO0437,-2956584.486,5075879,2476667.612
AUTO0438,-2956584.484,5075878.999,2476667.609
AUTO0439,-2956584.486,5075878.999,2476667.609
AUTO0440,-2956584.492,5075879.008,2476667.617
AUTO0441,-2956584.486,5075878.999,2476667.604
AUTO0442,-2956584.483,5075878.997,2476667.609
AUTO0443,-2956584.484,5075878.997,2476667.607
AUTO0444,-2956584.485,5075879,2476667.612
AUTO0445,-2956584.484,5075879,2476667.611
AUTO0447,-2956584.484,5075878.997,2476667.61
AUTO0448,-2956584.484,5075879,2476667.616
AUTO0449,-2956584.483,5075878.996,2476667.612
AUTO0450,-2956584.485,5075878.999,2476667.614
AUTO0451,-2956584.482,5075878.998,2476667.61
AUTO0452,-2956584.485,5075878.998,2476667.609
AUTO0453,-2956584.485,5075879.002,2476667.614
AUTO0454,-2956584.482,5075878.998,2476667.613
AUTO0455,-2956584.482,5075878.996,2476667.611
AUTO0456,-2956584.482,5075878.996,2476667.611
AUTO0457,-2956584.484,5075878.999,2476667.612
AUTO0458,-2956584.482,5075878.993,2476667.612
AUTO0459,-2956584.481,5075878.996,2476667.611
AUTO0460,-2956584.484,5075879,2476667.614
AUTO0461,-2956584.48,5075878.992,2476667.61
AUTO0462,-2956584.481,5075878.996,2476667.61
AUTO0463,-2956584.484,5075878.998,2476667.616
AUTO0464,-2956584.494,5075879.004,2476667.62
AUTO0465,-2956584.49,5075879.004,2476667.623
AUTO0466,-2956584.484,5075878.998,2476667.616
AUTO0467,-2956584.487,5075879,2476667.622
AUTO0468,-2956584.485,5075878.997,2476667.615
AUTO0469,-2956584.486,5075878.998,2476667.619
AUTO0470,-2956584.479,5075878.992,2476667.614
AUTO0471,-2956584.487,5075879,2476667.619
AUTO0472,-2956584.481,5075878.995,2476667.615
AUTO0473,-2956584.484,5075878.996,2476667.615
AUTO0474,-2956584.486,5075878.996,2476667.616
AUTO0475,-2956584.482,5075878.993,2476667.616
AUTO0476,-2956584.479,5075878.99,2476667.61
AUTO0477,-2956584.486,5075878.996,2476667.617
AUTO0478,-2956584.483,5075878.994,2476667.613
AUTO0479,-2956584.478,5075878.993,2476667.614
AUTO0480,-2956584.483,5075878.994,2476667.61
AUTO0481,-2956584.477,5075878.987,2476667.611
AUTO0482,-2956584.478,5075878.989,2476667.614
AUTO0483,-2956584.479,5075878.988,2476667.609
AUTO0484,-2956584.478,5075878.988,2476667.61
AUTO0485,-2956584.477,5075878.989,2476667.608
AUTO0486,-2956584.478,5075878.988,2476667.609
AUTO0487,-2956584.485,5075878.993,2476667.613
AUTO0488,-2956584.477,5075878.987,2476667.61
AUTO0489,-2956584.481,5075878.992,2476667.611
AUTO0490,-2956584.486,5075878.997,2476667.613
AUTO0491,-2956584.484,5075878.996,2476667.615
AUTO0492,-2956584.484,5075878.995,2476667.61
AUTO0493,-2956584.483,5075878.993,2476667.612
AUTO0494,-2956584.482,5075878.991,2476667.61
AUTO0495,-2956584.488,5075878.994,2476667.617
AUTO0496,-2956584.482,5075878.986,2476667.615
AUTO0497,-2956584.488,5075878.993,2476667.617
AUTO0498,-2956584.484,5075878.989,2476667.614
AUTO0499,-2956584.486,5075878.989,2476667.612
AUTO0500,-2956584.492,5075878.998,2476667.618
AUTO0501,-2956584.494,5075878.998,2476667.617
AUTO0502,-2956584.492,5075878.996,2476667.613
AUTO0503,-2956584.488,5075878.997,2476667.616
AUTO0504,-2956584.487,5075878.995,2476667.614
AUTO0505,-2956584.484,5075878.991,2476667.613
AUTO0506,-2956584.486,5075878.993,2476667.614
AUTO0507,-2956584.49,5075878.996,2476667.612
AUTO0508,-2956584.498,5075879.003,2476667.62
AUTO0509,-2956584.489,5075878.995,2476667.615
AUTO0510,-2956584.487,5075878.994,2476667.616
AUTO0511,-2956584.488,5075878.999,2476667.611
AUTO0512,-2956584.488,5075878.994,2476667.615
AUTO0513,-2956584.49,5075878.998,2476667.615
AUTO0514,-2956584.488,5075878.997,2476667.613
AUTO0515,-2956584.488,5075878.999,2476667.614
AUTO0516,-2956584.485,5075878.997,2476667.614
AUTO0517,-2956584.484,5075878.997,2476667.61
AUTO0518,-2956584.487,5075879,2476667.617
AUTO0519,-2956584.481,5075878.995,2476667.613
AUTO0520,-2956584.483,5075878.997,2476667.612
AUTO0521,-2956584.486,5075878.995,2476667.608
AUTO0522,-2956584.487,5075878.996,2476667.609
AUTO0523,-2956584.484,5075878.995,2476667.611
AUTO0524,-2956584.485,5075878.999,2476667.611
AUTO0525,-2956584.484,5075878.999,2476667.612
AUTO0526,-2956584.489,5075879.002,2476667.609
AUTO0527,-2956584.486,5075879,2476667.612
AUTO0528,-2956584.483,5075878.999,2476667.61
AUTO0529,-2956584.49,5075879.002,2476667.614
AUTO0530,-2956584.49,5075879.003,2476667.616
AUTO0531,-2956584.483,5075878.997,2476667.611
AUTO0532,-2956584.494,5075879.006,2476667.617
AUTO0533,-2956584.489,5075879.001,2476667.614
AUTO0534,-2956584.488,5075878.998,2476667.61
AUTO0535,-2956584.49,5075879.001,2476667.614
AUTO0536,-2956584.491,5075879.002,2476667.614
AUTO0537,-2956584.489,5075879.003,2476667.614
AUTO0538,-2956584.49,5075879.001,2476667.611
AUTO0539,-2956584.488,5075879.001,2476667.614
AUTO0540,-2956584.488,5075878.998,2476667.617
AUTO0541,-2956584.486,5075878.997,2476667.613
AUTO0542,-2956584.485,5075878.992,2476667.611
AUTO0543,-2956584.483,5075878.995,2476667.607
AUTO0544,-2956584.483,5075878.991,2476667.609
AUTO0545,-2956584.482,5075878.993,2476667.61
AUTO0546,-2956584.485,5075878.994,2476667.609
AUTO0547,-2956584.481,5075878.991,2476667.607
AUTO0548,-2956584.482,5075878.992,2476667.609
AUTO0549,-2956584.485,5075878.994,2476667.61
AUTO0550,-2956584.486,5075878.995,2476667.61
AUTO0551,-2956584.483,5075878.988,2476667.606
AUTO0552,-2956584.483,5075878.99,2476667.61
AUTO0553,-2956584.486,5075878.992,2476667.611
AUTO0554,-2956584.483,5075878.991,2476667.608
AUTO0555,-2956584.481,5075878.989,2476667.608
AUTO0556,-2956584.486,5075878.993,2476667.61
AUTO0557,-2956584.486,5075878.995,2476667.612
AUTO0558,-2956584.484,5075878.996,2476667.61
AUTO0559,-2956584.485,5075878.992,2476667.607
AUTO0560,-2956584.484,5075878.994,2476667.607
AUTO0561,-2956584.484,5075878.992,2476667.611
AUTO0562,-2956584.484,5075878.995,2476667.61
AUTO0563,-2956584.487,5075878.995,2476667.612
AUTO0564,-2956584.483,5075878.995,2476667.611
AUTO0565,-2956584.483,5075878.991,2476667.615
AUTO0566,-2956584.487,5075878.995,2476667.615
AUTO0567,-2956584.484,5075878.993,2476667.612
AUTO0568,-2956584.485,5075878.996,2476667.612
AUTO0569,-2956584.488,5075879,2476667.614
AUTO0570,-2956584.485,5075878.994,2476667.613
AUTO0571,-2956584.484,5075878.99,2476667.611
AUTO0572,-2956584.488,5075878.993,2476667.614
AUTO0573,-2956584.486,5075878.996,2476667.611
AUTO0574,-2956584.484,5075878.99,2476667.613
AUTO0575,-2956584.485,5075878.991,2476667.612
AUTO0576,-2956584.483,5075878.987,2476667.611
AUTO0577,-2956584.483,5075878.988,2476667.608
AUTO0578,-2956584.488,5075878.994,2476667.611
AUTO0579,-2956584.485,5075878.993,2476667.608
AUTO0580,-2956584.486,5075878.993,2476667.608
AUTO0581,-2956584.486,5075878.997,2476667.614
AUTO0582,-2956584.493,5075878.998,2476667.614
AUTO0583,-2956584.488,5075878.998,2476667.61
AUTO0584,-2956584.483,5075878.988,2476667.607
AUTO0585,-2956584.487,5075878.992,2476667.609
AUTO0586,-2956584.481,5075878.987,2476667.608
AUTO0587,-2956584.484,5075878.992,2476667.611
AUTO0588,-2956584.489,5075878.994,2476667.608
AUTO0589,-2956584.486,5075878.99,2476667.609
AUTO0590,-2956584.486,5075878.989,2476667.613
AUTO0591,-2956584.485,5075878.994,2476667.609
AUTO0592,-2956584.483,5075878.99,2476667.609
AUTO0593,-2956584.482,5075878.989,2476667.608
AUTO0594,-2956584.485,5075878.99,2476667.609
AUTO0595,-2956584.481,5075878.992,2476667.607
AUTO0596,-2956584.481,5075878.994,2476667.61
AUTO0597,-2956584.48,5075878.991,2476667.605
AUTO0598,-2956584.484,5075878.992,2476667.611
AUTO0599,-2956584.485,5075878.995,2476667.613
AUTO0600,-2956584.482,5075878.991,2476667.608
AUTO0601,-2956584.484,5075878.995,2476667.607
AUTO0602,-2956584.484,5075878.995,2476667.608
AUTO0603,-2956584.484,5075878.993,2476667.611
AUTO0604,-2956584.485,5075878.991,2476667.608
AUTO0605,-2956584.485,5075878.991,2476667.609
AUTO0606,-2956584.487,5075878.993,2476667.608
AUTO0607,-2956584.486,5075878.991,2476667.607
AUTO0608,-2956584.488,5075878.992,2476667.61
AUTO0609,-2956584.483,5075878.99,2476667.61
AUTO0610,-2956584.479,5075878.985,2476667.6
AUTO0611,-2956584.486,5075878.995,2476667.611
AUTO0612,-2956584.483,5075878.987,2476667.603
AUTO0613,-2956584.48,5075878.989,2476667.609
AUTO0614,-2956584.487,5075878.995,2476667.604
AUTO0615,-2956584.483,5075878.991,2476667.608
AUTO0616,-2956584.486,5075878.992,2476667.606
AUTO0617,-2956584.482,5075878.991,2476667.607
AUTO0618,-2956584.484,5075878.991,2476667.606
AUTO0619,-2956584.485,5075878.991,2476667.607
AUTO0620,-2956584.483,5075878.987,2476667.607
AUTO0621,-2956584.479,5075878.985,2476667.605
AUTO0622,-2956584.481,5075878.988,2476667.606
AUTO0623,-2956584.482,5075878.989,2476667.606
AUTO0624,-2956584.484,5075878.987,2476667.606
AUTO0625,-2956584.484,5075878.989,2476667.606
AUTO0626,-2956584.479,5075878.987,2476667.606
AUTO0627,-2956584.486,5075878.992,2476667.608
AUTO0628,-2956584.484,5075878.992,2476667.61
AUTO0629,-2956584.486,5075878.992,2476667.61
AUTO0630,-2956584.484,5075878.989,2476667.606
AUTO0631,-2956584.482,5075878.985,2476667.608
AUTO0632,-2956584.488,5075878.992,2476667.613
AUTO0633,-2956584.487,5075878.992,2476667.609
AUTO0634,-2956584.486,5075878.991,2476667.611
AUTO0635,-2956584.484,5075878.99,2476667.609
AUTO0636,-2956584.486,5075878.991,2476667.608
AUTO0637,-2956584.488,5075878.992,2476667.612
AUTO0638,-2956584.483,5075878.988,2476667.606
AUTO0639,-2956584.487,5075878.992,2476667.61
AUTO0640,-2956584.482,5075878.988,2476667.604
AUTO0641,-2956584.488,5075878.995,2476667.61
AUTO0642,-2956584.482,5075878.99,2476667.606
AUTO0643,-2956584.485,5075878.991,2476667.605
AUTO0644,-2956584.484,5075878.989,2476667.607
AUTO0645,-2956584.485,5075878.989,2476667.605
AUTO0646,-2956584.483,5075878.985,2476667.603
AUTO0647,-2956584.48,5075878.99,2476667.609
AUTO0648,-2956584.48,5075878.989,2476667.604
AUTO0649,-2956584.488,5075878.994,2476667.605
AUTO0650,-2956584.485,5075878.99,2476667.606
AUTO0651,-2956584.487,5075878.993,2476667.609
AUTO0652,-2956584.489,5075878.99,2476667.61
AUTO0653,-2956584.484,5075878.99,2476667.607
AUTO0654,-2956584.488,5075878.994,2476667.612
AUTO0655,-2956584.485,5075878.99,2476667.611
AUTO0656,-2956584.486,5075878.993,2476667.608
AUTO0657,-2956584.484,5075878.991,2476667.609
AUTO0658,-2956584.491,5075878.995,2476667.611
AUTO0659,-2956584.485,5075878.989,2476667.608
AUTO0660,-2956584.488,5075878.994,2476667.614
AUTO0661,-2956584.482,5075878.989,2476667.61
AUTO0662,-2956584.488,5075878.99,2476667.606
AUTO0663,-2956584.486,5075878.991,2476667.607
AUTO0664,-2956584.486,5075878.993,2476667.608
AUTO0665,-2956584.482,5075878.99,2476667.609
AUTO0666,-2956584.481,5075878.993,2476667.601
AUTO0667,-2956584.492,5075878.996,2476667.611
AUTO0668,-2956584.488,5075878.996,2476667.613
AUTO0669,-2956584.485,5075878.993,2476667.605
AUTO0670,-2956584.488,5075878.997,2476667.613
AUTO0671,-2956584.484,5075878.991,2476667.608
AUTO0672,-2956584.483,5075878.995,2476667.602
AUTO0673,-2956584.486,5075878.997,2476667.607
AUTO0674,-2956584.488,5075878.999,2476667.612
AUTO0675,-2956584.486,5075878.997,2476667.609
AUTO0676,-2956584.488,5075878.999,2476667.608
AUTO0677,-2956584.489,5075878.997,2476667.609
AUTO0678,-2956584.486,5075878.999,2476667.605
AUTO0679,-2956584.489,5075878.999,2476667.607
AUTO0680,-2956584.485,5075878.996,2476667.608
AUTO0681,-2956584.491,5075878.993,2476667.612
AUTO0682,-2956584.483,5075878.992,2476667.61
AUTO0683,-2956584.489,5075878.995,2476667.612
AUTO0684,-2956584.49,5075878.998,2476667.612
AUTO0685,-2956584.489,5075878.997,2476667.613
AUTO0686,-2956584.486,5075878.992,2476667.608
AUTO0687,-2956584.487,5075878.998,2476667.613
AUTO0688,-2956584.487,5075878.994,2476667.609
AUTO0689,-2956584.484,5075878.991,2476667.606
AUTO0690,-2956584.485,5075878.995,2476667.608
AUTO0691,-2956584.483,5075878.991,2476667.607
AUTO0692,-2956584.483,5075878.99,2476667.608
AUTO0693,-2956584.487,5075878.995,2476667.613
AUTO0694,-2956584.484,5075878.994,2476667.608
AUTO0695,-2956584.489,5075878.996,2476667.612
AUTO0696,-2956584.486,5075878.993,2476667.612
AUTO0697,-2956584.486,5075878.993,2476667.611
AUTO0698,-2956584.486,5075878.997,2476667.615
AUTO0699,-2956584.488,5075878.996,2476667.608
AUTO0700,-2956584.489,5075878.999,2476667.613
AUTO0701,-2956584.488,5075878.997,2476667.615
AUTO0702,-2956584.49,5075879.002,2476667.612
AUTO0703,-2956584.487,5075878.998,2476667.615
AUTO0704,-2956584.489,5075878.999,2476667.611
AUTO0705,-2956584.49,5075879.001,2476667.617
AUTO0706,-2956584.485,5075878.99,2476667.618
AUTO0707,-2956584.492,5075879.006,2476667.615
AUTO0708,-2956584.49,5075879.003,2476667.613
AUTO0709,-2956584.488,5075879.003,2476667.617
AUTO0710,-2956584.493,5075879.009,2476667.619
AUTO0711,-2956584.488,5075879,2476667.617
AUTO0712,-2956584.493,5075879.003,2476667.615
AUTO0713,-2956584.484,5075878.995,2476667.618
AUTO0714,-2956584.489,5075879.001,2476667.614
AUTO0715,-2956584.487,5075878.996,2476667.617
AUTO0716,-2956584.49,5075879,2476667.616
AUTO0717,-2956584.49,5075878.998,2476667.614
AUTO0718,-2956584.488,5075879.001,2476667.614
AUTO0719,-2956584.486,5075878.996,2476667.612
AUTO0720,-2956584.488,5075879.001,2476667.615
AUTO0721,-2956584.488,5075878.997,2476667.613
AUTO0722,-2956584.49,5075879.002,2476667.617
AUTO0723,-2956584.484,5075878.998,2476667.61
AUTO0724,-2956584.485,5075878.992,2476667.609
AUTO0725,-2956584.489,5075878.997,2476667.612
AUTO0726,-2956584.486,5075878.995,2476667.609
AUTO0727,-2956584.484,5075878.992,2476667.608
AUTO0728,-2956584.485,5075878.996,2476667.61
AUTO0729,-2956584.487,5075878.994,2476667.612
AUTO0730,-2956584.488,5075878.993,2476667.613
AUTO0731,-2956584.486,5075878.994,2476667.605
AUTO0732,-2956584.486,5075878.994,2476667.607
AUTO0733,-2956584.484,5075878.993,2476667.603
AUTO0734,-2956584.482,5075878.992,2476667.604
AUTO0735,-2956584.48,5075878.99,2476667.607
AUTO0736,-2956584.485,5075878.992,2476667.609
AUTO0737,-2956584.483,5075878.992,2476667.603
AUTO0738,-2956584.485,5075878.992,2476667.608
AUTO0739,-2956584.488,5075878.999,2476667.612
AUTO0740,-2956584.479,5075878.989,2476667.608
AUTO0741,-2956584.481,5075878.992,2476667.603
AUTO0742,-2956584.485,5075878.993,2476667.607
AUTO0743,-2956584.481,5075878.993,2476667.609
AUTO0744,-2956584.486,5075878.995,2476667.609
AUTO0745,-2956584.487,5075878.997,2476667.606
AUTO0746,-2956584.484,5075878.995,2476667.608
AUTO0747,-2956584.489,5075878.997,2476667.61
AUTO0748,-2956584.493,5075879.003,2476667.614
AUTO0749,-2956584.487,5075878.996,2476667.609
AUTO0750,-2956584.479,5075878.99,2476667.61
AUTO0751,-2956584.483,5075878.992,2476667.612
AUTO0752,-2956584.486,5075878.993,2476667.608
AUTO0753,-2956584.484,5075878.991,2476667.61
AUTO0754,-2956584.487,5075878.991,2476667.609
AUTO0755,-2956584.485,5075878.989,2476667.609
AUTO0756,-2956584.487,5075878.992,2476667.61
AUTO0757,-2956584.487,5075878.994,2476667.613
AUTO0758,-2956584.483,5075878.991,2476667.606
AUTO0759,-2956584.485,5075878.992,2476667.61
AUTO0760,-2956584.485,5075878.993,2476667.611
AUTO0761,-2956584.484,5075878.991,2476667.612
AUTO0762,-2956584.481,5075878.992,2476667.608
AUTO0763,-2956584.483,5075878.994,2476667.61
AUTO0764,-2956584.484,5075878.988,2476667.611
AUTO0765,-2956584.484,5075878.996,2476667.609
AUTO0766,-2956584.485,5075878.997,2476667.612
AUTO0767,-2956584.487,5075878.998,2476667.614
AUTO0768,-2956584.486,5075878.995,2476667.611
AUTO0769,-2956584.481,5075878.991,2476667.612
AUTO0770,-2956584.485,5075878.992,2476667.615
AUTO0771,-2956584.488,5075878.998,2476667.613
AUTO0772,-2956584.484,5075878.996,2476667.614
AUTO0773,-2956584.484,5075878.993,2476667.612
AUTO0774,-2956584.484,5075878.994,2476667.615
AUTO0775,-2956584.488,5075878.998,2476667.612
AUTO0776,-2956584.489,5075878.996,2476667.614
AUTO0777,-2956584.485,5075878.994,2476667.613
AUTO0778,-2956584.491,5075878.999,2476667.614
AUTO0779,-2956584.484,5075878.994,2476667.612
AUTO0780,-2956584.487,5075878.994,2476667.611
AUTO0781,-2956584.481,5075878.988,2476667.607
AUTO0782,-2956584.483,5075878.99,2476667.611
AUTO0783,-2956584.487,5075878.996,2476667.615
AUTO0784,-2956584.483,5075878.992,2476667.611
AUTO0785,-2956584.486,5075878.993,2476667.613
AUTO0786,-2956584.49,5075878.998,2476667.614
AUTO0787,-2956584.496,5075879.003,2476667.615
AUTO0788,-2956584.49,5075878.999,2476667.612
AUTO0789,-2956584.484,5075878.993,2476667.612
AUTO0790,-2956584.492,5075878.999,2476667.614
AUTO0791,-2956584.485,5075878.993,2476667.61
AUTO0792,-2956584.489,5075879,2476667.615
AUTO0793,-2956584.49,5075878.998,2476667.615
AUTO0794,-2956584.49,5075879.001,2476667.612
AUTO0795,-2956584.487,5075878.997,2476667.612
AUTO0796,-2956584.488,5075878.995,2476667.611
AUTO0797,-2956584.491,5075879.002,2476667.613
AUTO0798,-2956584.489,5075878.995,2476667.613
AUTO0799,-2956584.49,5075879.001,2476667.611
AUTO0800,-2956584.483,5075878.997,2476667.611
AUTO0801,-2956584.489,5075878.998,2476667.611
AUTO0802,-2956584.491,5075878.999,2476667.614
AUTO0803,-2956584.492,5075878.998,2476667.614
AUTO0804,-2956584.489,5075878.996,2476667.613
AUTO0805,-2956584.491,5075878.998,2476667.611
AUTO0806,-2956584.489,5075878.995,2476667.612
AUTO0807,-2956584.491,5075878.997,2476667.615
AUTO0808,-2956584.486,5075878.989,2476667.613
AUTO0809,-2956584.487,5075878.993,2476667.614
AUTO0810,-2956584.488,5075878.995,2476667.609
AUTO0811,-2956584.491,5075878.996,2476667.615
AUTO0812,-2956584.493,5075878.997,2476667.612
AUTO0813,-2956584.489,5075878.995,2476667.618
AUTO0814,-2956584.491,5075879.002,2476667.615
AUTO0815,-2956584.492,5075879,2476667.616
AUTO0816,-2956584.488,5075878.993,2476667.615
AUTO0817,-2956584.494,5075878.996,2476667.618
AUTO0818,-2956584.488,5075878.994,2476667.614
AUTO0819,-2956584.494,5075879.001,2476667.614
AUTO0820,-2956584.489,5075878.992,2476667.612
AUTO0821,-2956584.483,5075878.989,2476667.616
AUTO0822,-2956584.488,5075878.999,2476667.612
AUTO0823,-2956584.486,5075878.993,2476667.613
AUTO0824,-2956584.485,5075878.992,2476667.613
AUTO0825,-2956584.487,5075878.995,2476667.611
AUTO0826,-2956584.484,5075878.996,2476667.611
AUTO0827,-2956584.477,5075878.989,2476667.609
AUTO0828,-2956584.492,5075879.002,2476667.615
AUTO0829,-2956584.484,5075878.992,2476667.612
AUTO0830,-2956584.482,5075878.993,2476667.608
AUTO0831,-2956584.491,5075879,2476667.611
AUTO0832,-2956584.488,5075878.99,2476667.608
AUTO0833,-2956584.481,5075878.99,2476667.605
AUTO0834,-2956584.489,5075878.996,2476667.609
AUTO0835,-2956584.486,5075878.989,2476667.608
AUTO0836,-2956584.487,5075878.994,2476667.607
AUTO0837,-2956584.49,5075878.998,2476667.61
AUTO0838,-2956584.485,5075878.99,2476667.608
AUTO0839,-2956584.489,5075878.993,2476667.613
AUTO0840,-2956584.484,5075878.988,2476667.606
AUTO0841,-2956584.494,5075879.003,2476667.612
AUTO0842,-2956584.486,5075878.991,2476667.61
AUTO0843,-2956584.485,5075878.993,2476667.613
AUTO0844,-2956584.489,5075878.992,2476667.61
AUTO0845,-2956584.487,5075878.993,2476667.611
AUTO0846,-2956584.483,5075878.993,2476667.608
AUTO0847,-2956584.483,5075878.991,2476667.608
AUTO0848,-2956584.484,5075878.99,2476667.608
AUTO0849,-2956584.491,5075878.997,2476667.611
AUTO0850,-2956584.484,5075878.992,2476667.607
AUTO0851,-2956584.482,5075878.988,2476667.606
AUTO0852,-2956584.489,5075878.994,2476667.606
AUTO0853,-2956584.48,5075878.986,2476667.603
AUTO0854,-2956584.485,5075878.992,2476667.61
AUTO0855,-2956584.486,5075878.989,2476667.61
AUTO0856,-2956584.492,5075878.996,2476667.61
AUTO0857,-2956584.486,5075878.992,2476667.608
AUTO0858,-2956584.488,5075878.99,2476667.611
AUTO0859,-2956584.489,5075878.996,2476667.612
AUTO0860,-2956584.485,5075878.992,2476667.608
AUTO0861,-2956584.478,5075878.984,2476667.603
AUTO0862,-2956584.491,5075878.997,2476667.607
AUTO0863,-2956584.484,5075878.988,2476667.607
AUTO0864,-2956584.489,5075878.997,2476667.608
AUTO0865,-2956584.489,5075878.997,2476667.608
AUTO0866,-2956584.487,5075878.99,2476667.606
AUTO0867,-2956584.488,5075878.996,2476667.608
AUTO0868,-2956584.489,5075878.993,2476667.606
AUTO0869,-2956584.489,5075878.992,2476667.608
AUTO0870,-2956584.49,5075878.992,2476667.607
AUTO0871,-2956584.488,5075878.994,2476667.605
AUTO0872,-2956584.484,5075878.991,2476667.606
AUTO0873,-2956584.492,5075878.994,2476667.605
AUTO0874,-2956584.485,5075878.99,2476667.61
AUTO0875,-2956584.488,5075878.993,2476667.607
AUTO0876,-2956584.485,5075878.991,2476667.609
AUTO0877,-2956584.489,5075878.994,2476667.607
AUTO0878,-2956584.487,5075878.989,2476667.603
AUTO0879,-2956584.482,5075878.985,2476667.602
AUTO0880,-2956584.485,5075878.989,2476667.603
AUTO0881,-2956584.483,5075878.985,2476667.604
AUTO0882,-2956584.486,5075878.99,2476667.603
AUTO0883,-2956584.481,5075878.987,2476667.606
AUTO0884,-2956584.478,5075878.982,2476667.601
AUTO0885,-2956584.489,5075878.994,2476667.608
AUTO0886,-2956584.482,5075878.987,2476667.604
AUTO0887,-2956584.483,5075878.99,2476667.602
AUTO0888,-2956584.487,5075878.989,2476667.604
AUTO0889,-2956584.481,5075878.988,2476667.605
AUTO0890,-2956584.486,5075878.992,2476667.607
AUTO0891,-2956584.489,5075878.99,2476667.607
AUTO0892,-2956584.484,5075878.987,2476667.605
AUTO0893,-2956584.487,5075878.992,2476667.606
AUTO0894,-2956584.482,5075878.987,2476667.605
AUTO0895,-2956584.485,5075878.989,2476667.605
AUTO0896,-2956584.48,5075878.989,2476667.609
AUTO0897,-2956584.485,5075878.992,2476667.609
AUTO0898,-2956584.482,5075878.989,2476667.608
AUTO0899,-2956584.496,5075879.001,2476667.612
AUTO0900,-2956584.492,5075878.994,2476667.611
AUTO0901,-2956584.49,5075878.995,2476667.61
AUTO0902,-2956584.483,5075878.99,2476667.609
AUTO0903,-2956584.485,5075878.993,2476667.61
AUTO0904,-2956584.487,5075878.99,2476667.611
AUTO0905,-2956584.486,5075878.989,2476667.61
AUTO0906,-2956584.489,5075878.994,2476667.608
AUTO0907,-2956584.488,5075878.998,2476667.61
AUTO0908,-2956584.488,5075878.995,2476667.608
AUTO0909,-2956584.486,5075878.996,2476667.612
AUTO0910,-2956584.482,5075878.994,2476667.61
AUTO0911,-2956584.492,5075879.002,2476667.616
AUTO0912,-2956584.493,5075879.003,2476667.619
AUTO0913,-2956584.486,5075878.996,2476667.612
AUTO0914,-2956584.49,5075879.001,2476667.613
AUTO0915,-2956584.488,5075879.001,2476667.613
AUTO0916,-2956584.494,5075879.005,2476667.616
AUTO0917,-2956584.485,5075878.996,2476667.611
AUTO0918,-2956584.486,5075878.996,2476667.613
AUTO0919,-2956584.488,5075879,2476667.615
AUTO0920,-2956584.488,5075879.002,2476667.618
AUTO0921,-2956584.49,5075879.001,2476667.613
AUTO0922,-2956584.482,5075878.996,2476667.611
AUTO0923,-2956584.49,5075879.001,2476667.614
AUTO0924,-2956584.489,5075879.004,2476667.611
AUTO0925,-2956584.482,5075878.996,2476667.61
AUTO0926,-2956584.492,5075879.001,2476667.615
AUTO0927,-2956584.489,5075879.001,2476667.616
AUTO0928,-2956584.487,5075878.998,2476667.616
AUTO0929,-2956584.492,5075879.002,2476667.619
AUTO0930,-2956584.488,5075878.999,2476667.614
AUTO0931,-2956584.491,5075878.998,2476667.616
AUTO0932,-2956584.493,5075879.003,2476667.613
AUTO0933,-2956584.491,5075878.997,2476667.614
AUTO0934,-2956584.494,5075879.006,2476667.62
AUTO0935,-2956584.491,5075879.003,2476667.619
AUTO0936,-2956584.488,5075878.999,2476667.615
AUTO0937,-2956584.491,5075879.002,2476667.618
AUTO0938,-2956584.489,5075878.999,2476667.619
AUTO0939,-2956584.493,5075879.005,2476667.618
AUTO0940,-2956584.491,5075879.001,2476667.619
AUTO0941,-2956584.489,5075878.999,2476667.622
AUTO0942,-2956584.489,5075878.999,2476667.612
AUTO0943,-2956584.494,5075879.005,2476667.619
AUTO0944,-2956584.488,5075879.005,2476667.618
AUTO0945,-2956584.484,5075879,2476667.617
AUTO0946,-2956584.493,5075879.004,2476667.615
AUTO0947,-2956584.492,5075879.007,2476667.617
AUTO0948,-2956584.489,5075879.002,2476667.611
AUTO0949,-2956584.488,5075879.003,2476667.613
AUTO0950,-2956584.491,5075879.008,2476667.616
AUTO0951,-2956584.487,5075879.002,2476667.613
AUTO0952,-2956584.489,5075879.002,2476667.614
AUTO0953,-2956584.483,5075878.997,2476667.615
AUTO0954,-2956584.49,5075879,2476667.613
AUTO0955,-2956584.491,5075879.002,2476667.618
AUTO0956,-2956584.489,5075878.997,2476667.613
AUTO0957,-2956584.485,5075878.998,2476667.616
AUTO0958,-2956584.49,5075879,2476667.618
AUTO0959,-2956584.485,5075878.996,2476667.613
AUTO0960,-2956584.488,5075879,2476667.616
AUTO0961,-2956584.486,5075878.997,2476667.615
AUTO0962,-2956584.488,5075878.994,2476667.613
AUTO0963,-2956584.487,5075878.997,2476667.612
AUTO0964,-2956584.488,5075878.996,2476667.612
AUTO0965,-2956584.483,5075878.99,2476667.61
AUTO0966,-2956584.492,5075878.998,2476667.613
AUTO0967,-2956584.486,5075878.993,2476667.61
AUTO0968,-2956584.488,5075878.995,2476667.611
AUTO0969,-2956584.492,5075879.001,2476667.617
AUTO0970,-2956584.486,5075878.997,2476667.611
AUTO0971,-2956584.485,5075878.993,2476667.608
AUTO0972,-2956584.49,5075878.996,2476667.61
AUTO0973,-2956584.488,5075878.996,2476667.609
AUTO0974,-2956584.491,5075879.003,2476667.61
AUTO0975,-2956584.496,5075879.003,2476667.616
AUTO0976,-2956584.492,5075879.002,2476667.614
AUTO0977,-2956584.486,5075878.998,2476667.608
AUTO0978,-2956584.489,5075878.999,2476667.612
AUTO0979,-2956584.49,5075878.999,2476667.611
AUTO0980,-2956584.489,5075878.995,2476667.614
AUTO0981,-2956584.488,5075878.998,2476667.611
AUTO0982,-2956584.493,5075879.004,2476667.612
AUTO0983,-2956584.495,5075879.002,2476667.614
AUTO0984,-2956584.489,5075878.999,2476667.611
AUTO0985,-2956584.49,5075879.006,2476667.62
AUTO0986,-2956584.489,5075878.999,2476667.611
AUTO0987,-2956584.496,5075879.001,2476667.615
AUTO0988,-2956584.495,5075879.003,2476667.614
AUTO0989,-2956584.497,5075879.006,2476667.617
AUTO0990,-2956584.49,5075878.999,2476667.613
AUTO0991,-2956584.49,5075878.999,2476667.614
AUTO0992,-2956584.493,5075879.004,2476667.615
AUTO0993,-2956584.488,5075878.996,2476667.612
AUTO0994,-2956584.492,5075879.001,2476667.614
AUTO0995,-2956584.494,5075879.004,2476667.615
AUTO0996,-2956584.485,5075878.996,2476667.61
AUTO0997,-2956584.488,5075879.001,2476667.612
AUTO0998,-2956584.491,5075879.001,2476667.61
AUTO0999,-2956584.487,5075878.992,2476667.609
AUTO1000,-2956584.49,5075878.998,2476667.612
AUTO1001,-2956584.489,5075878.995,2476667.61
AUTO1002,-2956584.49,5075878.994,2476667.611
AUTO1003,-2956584.485,5075878.992,2476667.608
AUTO1004,-2956584.49,5075878.996,2476667.611
AUTO1005,-2956584.492,5075878.998,2476667.612
AUTO1006,-2956584.494,5075879,2476667.613
AUTO1007,-2956584.486,5075878.995,2476667.611
AUTO1008,-2956584.485,5075878.995,2476667.605
AUTO1009,-2956584.492,5075878.998,2476667.61
AUTO1010,-2956584.492,5075878.998,2476667.609
AUTO1011,-2956584.491,5075878.998,2476667.612
AUTO1012,-2956584.496,5075878.999,2476667.614
AUTO1013,-2956584.497,5075879.003,2476667.614
AUTO1014,-2956584.492,5075878.998,2476667.611
AUTO1015,-2956584.488,5075878.997,2476667.612
AUTO1016,-2956584.495,5075878.997,2476667.611
AUTO1017,-2956584.487,5075878.994,2476667.61
AUTO1018,-2956584.49,5075878.998,2476667.611
AUTO1019,-2956584.487,5075878.998,2476667.611
AUTO1020,-2956584.492,5075879.001,2476667.618
AUTO1021,-2956584.487,5075878.996,2476667.613
AUTO1022,-2956584.491,5075878.997,2476667.618
AUTO1023,-2956584.487,5075878.996,2476667.611
AUTO1024,-2956584.489,5075878.994,2476667.617
AUTO1025,-2956584.486,5075878.997,2476667.612
AUTO1026,-2956584.495,5075879.001,2476667.616
AUTO1027,-2956584.49,5075878.998,2476667.615
AUTO1028,-2956584.495,5075879.002,2476667.618
AUTO1029,-2956584.487,5075878.998,2476667.618
AUTO1030,-2956584.492,5075878.999,2476667.618
AUTO1031,-2956584.49,5075878.991,2476667.617
AUTO1032,-2956584.49,5075878.992,2476667.614
AUTO1033,-2956584.491,5075878.997,2476667.611
AUTO1034,-2956584.491,5075878.995,2476667.61
AUTO1035,-2956584.486,5075878.992,2476667.613
AUTO1036,-2956584.489,5075878.996,2476667.612
AUTO1037,-2956584.493,5075879.001,2476667.616
AUTO1038,-2956584.489,5075878.993,2476667.614
AUTO1039,-2956584.49,5075878.997,2476667.614
AUTO1040,-2956584.488,5075878.994,2476667.61
AUTO1041,-2956584.484,5075878.992,2476667.613
AUTO1042,-2956584.491,5075878.997,2476667.616
AUTO1043,-2956584.488,5075878.997,2476667.613
AUTO1044,-2956584.487,5075878.993,2476667.615
AUTO1045,-2956584.483,5075878.99,2476667.612
AUTO1046,-2956584.489,5075878.991,2476667.607
AUTO1047,-2956584.489,5075878.995,2476667.612
AUTO1048,-2956584.488,5075878.995,2476667.612
AUTO1049,-2956584.49,5075878.992,2476667.613
AUTO1050,-2956584.492,5075878.997,2476667.617
AUTO1051,-2956584.488,5075878.989,2476667.612
AUTO1052,-2956584.49,5075878.994,2476667.612
AUTO1053,-2956584.491,5075878.994,2476667.614
AUTO1054,-2956584.484,5075878.989,2476667.611
AUTO1055,-2956584.484,5075878.992,2476667.607
AUTO1056,-2956584.487,5075878.992,2476667.611
AUTO1057,-2956584.486,5075878.99,2476667.614
AUTO1058,-2956584.485,5075878.989,2476667.611
AUTO1059,-2956584.49,5075878.993,2476667.61
AUTO1060,-2956584.486,5075878.993,2476667.609
AUTO1061,-2956584.486,5075878.989,2476667.606
AUTO1062,-2956584.484,5075878.988,2476667.612
AUTO1063,-2956584.483,5075878.986,2476667.607
AUTO1064,-2956584.485,5075878.989,2476667.608
AUTO1065,-2956584.49,5075878.993,2476667.61
AUTO1066,-2956584.487,5075878.991,2476667.61
AUTO1067,-2956584.485,5075878.988,2476667.608
AUTO1068,-2956584.484,5075878.987,2476667.607
AUTO1069,-2956584.488,5075878.993,2476667.612
AUTO1070,-2956584.486,5075878.986,2476667.606
AUTO1071,-2956584.489,5075878.993,2476667.608
AUTO1072,-2956584.486,5075878.993,2476667.608
AUTO1073,-2956584.491,5075878.992,2476667.613
AUTO1074,-2956584.485,5075878.988,2476667.604
AUTO1075,-2956584.488,5075878.99,2476667.608
AUTO1076,-2956584.487,5075878.988,2476667.609
AUTO1077,-2956584.49,5075878.988,2476667.616
AUTO1078,-2956584.486,5075878.99,2476667.612
AUTO1079,-2956584.49,5075878.992,2476667.614
AUTO1080,-2956584.488,5075878.992,2476667.609
AUTO1081,-2956584.489,5075878.991,2476667.616
AUTO1082,-2956584.493,5075878.993,2476667.615
AUTO1083,-2956584.483,5075878.984,2476667.61
AUTO1084,-2956584.489,5075878.991,2476667.61
AUTO1085,-2956584.488,5075878.995,2476667.613
AUTO1086,-2956584.487,5075878.993,2476667.611
AUTO1087,-2956584.488,5075878.993,2476667.612
AUTO1088,-2956584.485,5075878.989,2476667.61
AUTO1089,-2956584.485,5075878.987,2476667.608
AUTO1090,-2956584.489,5075878.993,2476667.609
AUTO1091,-2956584.488,5075878.992,2476667.611
AUTO1092,-2956584.484,5075878.991,2476667.607
AUTO1093,-2956584.486,5075878.994,2476667.615
AUTO1094,-2956584.485,5075878.994,2476667.609
AUTO1095,-2956584.485,5075878.991,2476667.609
AUTO1096,-2956584.487,5075878.993,2476667.612
AUTO1097,-2956584.487,5075878.99,2476667.611
AUTO1098,-2956584.487,5075878.996,2476667.61
AUTO1099,-2956584.495,5075879.002,2476667.614
AUTO1100,-2956584.492,5075879,2476667.613
AUTO1101,-2956584.489,5075878.995,2476667.611
AUTO1102,-2956584.491,5075878.995,2476667.614
AUTO1103,-2956584.488,5075878.993,2476667.612
AUTO1104,-2956584.49,5075878.996,2476667.61
AUTO1105,-2956584.489,5075878.994,2476667.613
AUTO1106,-2956584.488,5075878.992,2476667.614
AUTO1107,-2956584.491,5075878.994,2476667.614
AUTO1108,-2956584.486,5075878.99,2476667.609
AUTO1109,-2956584.486,5075878.988,2476667.607
AUTO1110,-2956584.49,5075878.998,2476667.612
AUTO1111,-2956584.488,5075878.991,2476667.611
AUTO1112,-2956584.492,5075878.995,2476667.611
AUTO1113,-2956584.485,5075878.99,2476667.606
AUTO1114,-2956584.487,5075878.991,2476667.608
AUTO1115,-2956584.487,5075878.989,2476667.609
AUTO1116,-2956584.489,5075878.991,2476667.612
AUTO1117,-2956584.49,5075878.992,2476667.613
AUTO1118,-2956584.488,5075878.991,2476667.61
AUTO1119,-2956584.487,5075878.987,2476667.609
AUTO1120,-2956584.487,5075878.991,2476667.609
AUTO1121,-2956584.485,5075878.992,2476667.612
AUTO1122,-2956584.489,5075878.994,2476667.611
AUTO1123,-2956584.488,5075878.996,2476667.612
AUTO1124,-2956584.493,5075879,2476667.609
AUTO1125,-2956584.488,5075878.995,2476667.611
AUTO1126,-2956584.488,5075878.994,2476667.61
AUTO1127,-2956584.488,5075878.991,2476667.608
AUTO1128,-2956584.484,5075878.99,2476667.609
AUTO1129,-2956584.486,5075878.989,2476667.611
AUTO1130,-2956584.484,5075878.988,2476667.608
AUTO1131,-2956584.487,5075878.991,2476667.61
AUTO1132,-2956584.486,5075878.995,2476667.61
AUTO1133,-2956584.489,5075878.991,2476667.612
AUTO1134,-2956584.486,5075878.989,2476667.611
AUTO1135,-2956584.488,5075878.989,2476667.611
AUTO1136,-2956584.483,5075878.986,2476667.608
AUTO1137,-2956584.486,5075878.99,2476667.61
AUTO1138,-2956584.489,5075878.989,2476667.612
AUTO1139,-2956584.486,5075878.988,2476667.61
AUTO1140,-2956584.485,5075878.992,2476667.614
AUTO1141,-2956584.487,5075878.991,2476667.612
AUTO1142,-2956584.489,5075878.992,2476667.613
AUTO1143,-2956584.485,5075878.99,2476667.611
AUTO1144,-2956584.488,5075878.992,2476667.616
AUTO1145,-2956584.489,5075878.992,2476667.617
AUTO1146,-2956584.488,5075878.996,2476667.614
AUTO1147,-2956584.486,5075878.993,2476667.614
AUTO1148,-2956584.491,5075878.996,2476667.617
AUTO1149,-2956584.489,5075878.996,2476667.616
AUTO1150,-2956584.484,5075878.991,2476667.612
AUTO1151,-2956584.486,5075878.995,2476667.608
AUTO1152,-2956584.486,5075878.989,2476667.609
AUTO1153,-2956584.488,5075878.991,2476667.611
AUTO1154,-2956584.486,5075878.992,2476667.611
AUTO1155,-2956584.486,5075878.989,2476667.611
AUTO1156,-2956584.486,5075878.99,2476667.615
AUTO1157,-2956584.486,5075878.991,2476667.609
AUTO1158,-2956584.482,5075878.988,2476667.608
AUTO1159,-2956584.485,5075878.989,2476667.612
AUTO1160,-2956584.488,5075878.995,2476667.614
AUTO1161,-2956584.482,5075878.986,2476667.611
AUTO1162,-2956584.487,5075878.987,2476667.609
AUTO1163,-2956584.487,5075878.992,2476667.612
AUTO1164,-2956584.482,5075878.989,2476667.609
AUTO1165,-2956584.484,5075878.987,2476667.612
AUTO1166,-2956584.484,5075878.99,2476667.613
AUTO1167,-2956584.483,5075878.993,2476667.617
AUTO1168,-2956584.486,5075878.995,2476667.616
AUTO1169,-2956584.483,5075878.993,2476667.618
AUTO1170,-2956584.488,5075878.993,2476667.614
AUTO1171,-2956584.483,5075878.99,2476667.611
AUTO1172,-2956584.486,5075878.992,2476667.617
AUTO1173,-2956584.482,5075878.991,2476667.614
AUTO1174,-2956584.487,5075878.995,2476667.614
AUTO1175,-2956584.486,5075878.991,2476667.613
AUTO1176,-2956584.488,5075878.998,2476667.616
AUTO1177,-2956584.488,5075878.999,2476667.619
AUTO1178,-2956584.486,5075878.998,2476667.612
AUTO1179,-2956584.489,5075878.996,2476667.618
AUTO1180,-2956584.49,5075878.997,2476667.615
AUTO1181,-2956584.488,5075879.001,2476667.622
AUTO1182,-2956584.486,5075878.996,2476667.611
AUTO1183,-2956584.485,5075878.995,2476667.615
AUTO1184,-2956584.487,5075878.99,2476667.609
AUTO1185,-2956584.481,5075878.991,2476667.613
AUTO1186,-2956584.485,5075878.999,2476667.62
AUTO1187,-2956584.489,5075878.998,2476667.614
AUTO1188,-2956584.483,5075878.992,2476667.617
AUTO1189,-2956584.486,5075878.995,2476667.616
AUTO1190,-2956584.485,5075878.993,2476667.613
AUTO1191,-2956584.487,5075878.994,2476667.618
AUTO1192,-2956584.485,5075878.994,2476667.618
AUTO1193,-2956584.487,5075879,2476667.619
AUTO1194,-2956584.485,5075878.996,2476667.62
AUTO1195,-2956584.482,5075878.993,2476667.62
AUTO1196,-2956584.485,5075878.995,2476667.619
AUTO1197,-2956584.489,5075878.997,2476667.617
AUTO1198,-2956584.484,5075878.997,2476667.618
AUTO1199,-2956584.485,5075878.998,2476667.622
AUTO1200,-2956584.486,5075878.993,2476667.621
AUTO1201,-2956584.489,5075878.999,2476667.62
AUTO1202,-2956584.484,5075878.992,2476667.615
AUTO1203,-2956584.485,5075878.993,2476667.616
AUTO1204,-2956584.48,5075878.99,2476667.611
AUTO1205,-2956584.485,5075878.996,2476667.616
AUTO1206,-2956584.485,5075878.997,2476667.615
AUTO1207,-2956584.488,5075878.996,2476667.613
AUTO1208,-2956584.488,5075878.997,2476667.616
AUTO1209,-2956584.485,5075878.993,2476667.614
AUTO1210,-2956584.486,5075878.995,2476667.611
AUTO1211,-2956584.488,5075878.997,2476667.614
AUTO1212,-2956584.488,5075878.994,2476667.609
AUTO1213,-2956584.484,5075878.989,2476667.609
AUTO1214,-2956584.489,5075878.996,2476667.617
AUTO1215,-2956584.489,5075878.995,2476667.616
AUTO1216,-2956584.482,5075878.992,2476667.61
AUTO1217,-2956584.487,5075878.996,2476667.616
AUTO1218,-2956584.483,5075878.991,2476667.613
AUTO1219,-2956584.484,5075878.992,2476667.61
AUTO1220,-2956584.482,5075878.991,2476667.609
AUTO1221,-2956584.486,5075878.991,2476667.611
AUTO1222,-2956584.484,5075878.993,2476667.611
AUTO1223,-2956584.488,5075878.994,2476667.615
AUTO1224,-2956584.483,5075878.993,2476667.613
AUTO1225,-2956584.486,5075878.991,2476667.613
AUTO1226,-2956584.485,5075878.991,2476667.608
AUTO1227,-2956584.49,5075878.997,2476667.62
AUTO1228,-2956584.49,5075878.999,2476667.612
AUTO1229,-2956584.486,5075878.992,2476667.614
AUTO1230,-2956584.485,5075878.993,2476667.612
AUTO1231,-2956584.487,5075878.991,2476667.615
AUTO1232,-2956584.49,5075878.992,2476667.611
AUTO1233,-2956584.489,5075878.992,2476667.612
AUTO1234,-2956584.486,5075878.99,2476667.608
AUTO1235,-2956584.482,5075878.988,2476667.608
AUTO1236,-2956584.482,5075878.987,2476667.606
AUTO1237,-2956584.488,5075878.99,2476667.606
AUTO1238,-2956584.482,5075878.989,2476667.608
AUTO1239,-2956584.481,5075878.988,2476667.603
AUTO1240,-2956584.485,5075878.991,2476667.61
AUTO1241,-2956584.492,5075878.997,2476667.614
AUTO1242,-2956584.487,5075878.997,2476667.615
AUTO1243,-2956584.486,5075878.99,2476667.606
AUTO1244,-2956584.483,5075878.996,2476667.61
AUTO1245,-2956584.484,5075878.994,2476667.609
AUTO1246,-2956584.485,5075878.995,2476667.609
AUTO1247,-2956584.484,5075878.998,2476667.612
AUTO1248,-2956584.488,5075878.995,2476667.616
AUTO1249,-2956584.485,5075878.992,2476667.608
AUTO1250,-2956584.483,5075878.995,2476667.612
AUTO1251,-2956584.488,5075878.997,2476667.61
AUTO1252,-2956584.484,5075879,2476667.611
AUTO1253,-2956584.485,5075878.993,2476667.608
AUTO1254,-2956584.488,5075878.996,2476667.61
AUTO1255,-2956584.488,5075878.997,2476667.611
AUTO1256,-2956584.488,5075878.997,2476667.61
AUTO1257,-2956584.485,5075878.995,2476667.612
AUTO1258,-2956584.483,5075878.994,2476667.613
AUTO1259,-2956584.484,5075878.99,2476667.609
AUTO1260,-2956584.49,5075878.993,2476667.612
AUTO1261,-2956584.485,5075878.999,2476667.609
AUTO1262,-2956584.487,5075878.995,2476667.609
AUTO1263,-2956584.488,5075878.998,2476667.616
AUTO1264,-2956584.482,5075878.991,2476667.61
AUTO1265,-2956584.488,5075878.997,2476667.613
AUTO1266,-2956584.483,5075878.996,2476667.612
AUTO1267,-2956584.487,5075878.995,2476667.609
AUTO1268,-2956584.482,5075878.995,2476667.612
AUTO1269,-2956584.482,5075878.993,2476667.609
AUTO1270,-2956584.485,5075878.996,2476667.609
AUTO1271,-2956584.486,5075878.997,2476667.612
AUTO1272,-2956584.483,5075878.995,2476667.61
AUTO1273,-2956584.482,5075878.993,2476667.608
AUTO1274,-2956584.483,5075878.996,2476667.61
AUTO1275,-2956584.482,5075878.999,2476667.613
AUTO1276,-2956584.482,5075878.994,2476667.608
AUTO1277,-2956584.482,5075878.991,2476667.607
AUTO1278,-2956584.487,5075878.999,2476667.616
AUTO1279,-2956584.484,5075878.997,2476667.613
AUTO1280,-2956584.479,5075878.99,2476667.606
AUTO1281,-2956584.484,5075878.999,2476667.615
AUTO1282,-2956584.48,5075878.995,2476667.612
AUTO1283,-2956584.482,5075878.999,2476667.611
AUTO1284,-2956584.486,5075879,2476667.614
AUTO1285,-2956584.48,5075878.992,2476667.609
AUTO1286,-2956584.485,5075878.994,2476667.606
AUTO1287,-2956584.485,5075878.998,2476667.61
AUTO1288,-2956584.486,5075879.001,2476667.611
AUTO1289,-2956584.48,5075878.995,2476667.61
AUTO1290,-2956584.479,5075878.993,2476667.605
AUTO1291,-2956584.479,5075878.995,2476667.609
AUTO1292,-2956584.484,5075878.997,2476667.605
AUTO1293,-2956584.485,5075878.997,2476667.607
AUTO1294,-2956584.482,5075878.995,2476667.609
AUTO1295,-2956584.49,5075879.001,2476667.61
AUTO1296,-2956584.482,5075878.992,2476667.606
AUTO1297,-2956584.489,5075878.998,2476667.609
AUTO1298,-2956584.483,5075878.992,2476667.605
AUTO1299,-2956584.484,5075878.997,2476667.608
AUTO1300,-2956584.478,5075878.992,2476667.605
AUTO1301,-2956584.486,5075879,2476667.612
AUTO1302,-2956584.485,5075878.992,2476667.603
AUTO1303,-2956584.485,5075878.997,2476667.607
AUTO1304,-2956584.482,5075878.994,2476667.604
AUTO1305,-2956584.483,5075878.991,2476667.603
AUTO1306,-2956584.483,5075878.989,2476667.606
AUTO1307,-2956584.482,5075878.994,2476667.609
AUTO1308,-2956584.483,5075878.995,2476667.609
AUTO1309,-2956584.481,5075878.997,2476667.61
AUTO1310,-2956584.482,5075878.994,2476667.612
AUTO1311,-2956584.481,5075878.999,2476667.608
AUTO1312,-2956584.485,5075878.997,2476667.609
AUTO1313,-2956584.486,5075879.001,2476667.612
AUTO1314,-2956584.485,5075879,2476667.614
AUTO1315,-2956584.482,5075878.996,2476667.61
AUTO1316,-2956584.483,5075879,2476667.611
AUTO1317,-2956584.48,5075878.998,2476667.612
AUTO1318,-2956584.483,5075878.996,2476667.615
AUTO1319,-2956584.483,5075878.999,2476667.61
AUTO1320,-2956584.485,5075879,2476667.615
AUTO1321,-2956584.484,5075878.995,2476667.607
AUTO1322,-2956584.481,5075878.995,2476667.611
AUTO1323,-2956584.485,5075878.997,2476667.611
AUTO1324,-2956584.486,5075879.001,2476667.613
AUTO1325,-2956584.484,5075879.003,2476667.614
AUTO1326,-2956584.481,5075878.998,2476667.612
AUTO1327,-2956584.483,5075878.997,2476667.61
AUTO1328,-2956584.484,5075878.998,2476667.609
AUTO1329,-2956584.481,5075878.995,2476667.611
AUTO1330,-2956584.477,5075878.992,2476667.61
AUTO1331,-2956584.486,5075878.998,2476667.613
AUTO1332,-2956584.48,5075878.995,2476667.608
AUTO1333,-2956584.482,5075878.996,2476667.612
AUTO1334,-2956584.481,5075878.991,2476667.61
AUTO1335,-2956584.478,5075878.992,2476667.61
AUTO1336,-2956584.482,5075878.996,2476667.611
AUTO1337,-2956584.481,5075878.992,2476667.612
AUTO1338,-2956584.486,5075878.997,2476667.612
AUTO1339,-2956584.483,5075878.994,2476667.615
AUTO1340,-2956584.481,5075878.99,2476667.611
AUTO1341,-2956584.482,5075878.994,2476667.614
AUTO1342,-2956584.483,5075878.992,2476667.615
AUTO1343,-2956584.483,5075878.996,2476667.616
AUTO1344,-2956584.484,5075878.999,2476667.619
AUTO1345,-2956584.48,5075878.995,2476667.615
AUTO1346,-2956584.482,5075878.992,2476667.613
AUTO1347,-2956584.485,5075878.995,2476667.619
AUTO1348,-2956584.484,5075878.992,2476667.612
AUTO1349,-2956584.477,5075878.987,2476667.613
AUTO1350,-2956584.484,5075878.994,2476667.616
AUTO1351,-2956584.483,5075878.988,2476667.612
AUTO1352,-2956584.486,5075878.993,2476667.611
AUTO1353,-2956584.482,5075878.994,2476667.616
AUTO1354,-2956584.486,5075878.994,2476667.613
AUTO1355,-2956584.489,5075878.995,2476667.61
AUTO1356,-2956584.49,5075878.998,2476667.612
AUTO1357,-2956584.486,5075878.996,2476667.611
AUTO1358,-2956584.49,5075878.995,2476667.613
AUTO1359,-2956584.489,5075878.997,2476667.608
AUTO1360,-2956584.49,5075878.997,2476667.611
AUTO1361,-2956584.485,5075878.994,2476667.609
AUTO1362,-2956584.489,5075879,2476667.614
AUTO1363,-2956584.486,5075878.998,2476667.612
AUTO1364,-2956584.488,5075878.999,2476667.611
AUTO1365,-2956584.488,5075879.002,2476667.618
AUTO1366,-2956584.491,5075879,2476667.614
AUTO1367,-2956584.49,5075879.003,2476667.614
AUTO1368,-2956584.489,5075879.001,2476667.616
AUTO1369,-2956584.484,5075878.999,2476667.618
AUTO1370,-2956584.483,5075879.001,2476667.613
AUTO1371,-2956584.485,5075878.997,2476667.613
AUTO1372,-2956584.488,5075878.999,2476667.616
AUTO1373,-2956584.486,5075878.999,2476667.618
AUTO1374,-2956584.49,5075879.004,2476667.617
AUTO1375,-2956584.488,5075878.999,2476667.614
AUTO1376,-2956584.488,5075879.001,2476667.616
AUTO1377,-2956584.487,5075879,2476667.616
AUTO1378,-2956584.486,5075878.995,2476667.614
AUTO1379,-2956584.491,5075879.002,2476667.619
AUTO1380,-2956584.485,5075879,2476667.615
AUTO1381,-2956584.49,5075878.999,2476667.612
AUTO1382,-2956584.485,5075878.995,2476667.611
AUTO1383,-2956584.49,5075878.995,2476667.614
AUTO1384,-2956584.485,5075878.995,2476667.61
AUTO1385,-2956584.483,5075878.989,2476667.61
AUTO1386,-2956584.493,5075879.002,2476667.614
AUTO1387,-2956584.487,5075878.996,2476667.609
AUTO1388,-2956584.485,5075878.994,2476667.61
AUTO1389,-2956584.484,5075878.994,2476667.61
AUTO1390,-2956584.489,5075878.994,2476667.613
AUTO1391,-2956584.481,5075878.992,2476667.605
AUTO1392,-2956584.491,5075878.998,2476667.612
AUTO1393,-2956584.485,5075878.992,2476667.613
AUTO1394,-2956584.487,5075878.994,2476667.61
AUTO1395,-2956584.489,5075878.996,2476667.605
AUTO1396,-2956584.486,5075878.994,2476667.608
AUTO1397,-2956584.489,5075878.996,2476667.609
AUTO1398,-2956584.494,5075879,2476667.61
AUTO1399,-2956584.489,5075878.996,2476667.609
AUTO1400,-2956584.492,5075878.997,2476667.608
AUTO1401,-2956584.49,5075878.996,2476667.61
AUTO1402,-2956584.486,5075878.998,2476667.61
AUTO1403,-2956584.483,5075878.992,2476667.61
AUTO1404,-2956584.488,5075878.996,2476667.61
AUTO1405,-2956584.492,5075878.998,2476667.61
AUTO1406,-2956584.493,5075878.998,2476667.61
AUTO1407,-2956584.491,5075878.997,2476667.61
AUTO1408,-2956584.49,5075878.996,2476667.609
AUTO1409,-2956584.487,5075878.994,2476667.611
AUTO1410,-2956584.494,5075878.996,2476667.612
AUTO1411,-2956584.491,5075879,2476667.615
AUTO1412,-2956584.49,5075878.996,2476667.611
AUTO1413,-2956584.489,5075878.995,2476667.614
AUTO1414,-2956584.492,5075878.996,2476667.611
AUTO1415,-2956584.494,5075879.002,2476667.619
AUTO1416,-2956584.488,5075879.001,2476667.613
AUTO1417,-2956584.488,5075878.995,2476667.612
AUTO1418,-2956584.493,5075878.999,2476667.613
AUTO1419,-2956584.492,5075878.999,2476667.615
AUTO1420,-2956584.494,5075879.001,2476667.614
AUTO1421,-2956584.489,5075878.998,2476667.609
AUTO1422,-2956584.486,5075878.99,2476667.612
AUTO1423,-2956584.488,5075878.992,2476667.612
AUTO1424,-2956584.491,5075878.995,2476667.61
AUTO1425,-2956584.491,5075878.992,2476667.613
AUTO1426,-2956584.487,5075878.988,2476667.612
AUTO1427,-2956584.489,5075878.993,2476667.608
AUTO1428,-2956584.497,5075878.997,2476667.617
AUTO1429,-2956584.49,5075878.994,2476667.612
AUTO1430,-2956584.495,5075878.995,2476667.616
AUTO1431,-2956584.492,5075878.996,2476667.615
AUTO1432,-2956584.492,5075878.992,2476667.612
AUTO1433,-2956584.497,5075878.997,2476667.615
AUTO1434,-2956584.491,5075878.994,2476667.618
AUTO1435,-2956584.501,5075879,2476667.614
AUTO1436,-2956584.493,5075878.998,2476667.612
AUTO1437,-2956584.496,5075878.998,2476667.615
AUTO1438,-2956584.494,5075878.998,2476667.614
AUTO1439,-2956584.494,5075878.994,2476667.614
AUTO1440,-2956584.495,5075878.998,2476667.619
AUTO1441,-2956584.491,5075878.994,2476667.616
AUTO1442,-2956584.492,5075878.999,2476667.616
AUTO1443,-2956584.495,5075878.998,2476667.615
AUTO1444,-2956584.493,5075878.997,2476667.613
AUTO1445,-2956584.495,5075879.001,2476667.621
AUTO1446,-2956584.495,5075878.998,2476667.614
AUTO1447,-2956584.493,5075879,2476667.615
AUTO1448,-2956584.49,5075878.999,2476667.622
AUTO1449,-2956584.491,5075878.996,2476667.62
AUTO1450,-2956584.488,5075878.996,2476667.617
AUTO1451,-2956584.49,5075878.998,2476667.616
AUTO1452,-2956584.491,5075879,2476667.62
AUTO1453,-2956584.489,5075878.996,2476667.616
AUTO1454,-2956584.491,5075879,2476667.619
AUTO1455,-2956584.492,5075879.001,2476667.617
AUTO1456,-2956584.492,5075879.001,2476667.62
AUTO1457,-2956584.494,5075879.002,2476667.622
AUTO1458,-2956584.496,5075879.001,2476667.618
AUTO1459,-2956584.494,5075879.002,2476667.62
AUTO1460,-2956584.496,5075879.003,2476667.622
AUTO1461,-2956584.495,5075879.002,2476667.622
AUTO1462,-2956584.496,5075878.999,2476667.62
AUTO1463,-2956584.493,5075879.001,2476667.62
AUTO1464,-2956584.495,5075879.002,2476667.619
AUTO1465,-2956584.496,5075879.003,2476667.621
AUTO1466,-2956584.494,5075879,2476667.615
AUTO1467,-2956584.493,5075879,2476667.62
AUTO1468,-2956584.492,5075879.001,2476667.62
AUTO1469,-2956584.495,5075879,2476667.617
AUTO1470,-2956584.49,5075879.001,2476667.617
AUTO1471,-2956584.49,5075878.998,2476667.615
AUTO1472,-2956584.494,5075879.002,2476667.615
AUTO1473,-2956584.49,5075878.998,2476667.615
AUTO1474,-2956584.495,5075879.002,2476667.618
AUTO1475,-2956584.493,5075879,2476667.617
AUTO1476,-2956584.494,5075879.001,2476667.615
AUTO1477,-2956584.494,5075879.002,2476667.616
AUTO1478,-2956584.496,5075879.001,2476667.618
AUTO1479,-2956584.494,5075878.998,2476667.616
AUTO1480,-2956584.495,5075879.001,2476667.621
AUTO1481,-2956584.493,5075878.996,2476667.619
AUTO1482,-2956584.496,5075879,2476667.619
AUTO1483,-2956584.499,5075879,2476667.62
AUTO1484,-2956584.493,5075878.995,2476667.618
AUTO1485,-2956584.495,5075879.001,2476667.615
AUTO1486,-2956584.495,5075878.998,2476667.614
AUTO1487,-2956584.496,5075879.001,2476667.615
AUTO1488,-2956584.491,5075878.996,2476667.611
AUTO1489,-2956584.493,5075878.999,2476667.614
AUTO1490,-2956584.495,5075878.997,2476667.611
AUTO1491,-2956584.495,5075878.998,2476667.618
AUTO1492,-2956584.495,5075878.999,2476667.617
AUTO1493,-2956584.496,5075879,2476667.611
AUTO1494,-2956584.492,5075878.997,2476667.613
AUTO1495,-2956584.491,5075878.999,2476667.613
AUTO1496,-2956584.488,5075878.994,2476667.611
AUTO1497,-2956584.487,5075878.992,2476667.609
AUTO1498,-2956584.489,5075879,2476667.611
AUTO1499,-2956584.491,5075878.999,2476667.615
AUTO1500,-2956584.489,5075878.998,2476667.615
AUTO1501,-2956584.49,5075878.999,2476667.613
AUTO1502,-2956584.491,5075879,2476667.615
AUTO1503,-2956584.483,5075878.992,2476667.614
AUTO1504,-2956584.491,5075878.997,2476667.616
AUTO1505,-2956584.492,5075879.002,2476667.616
AUTO1506,-2956584.491,5075878.997,2476667.614
AUTO1507,-2956584.493,5075878.996,2476667.614
AUTO1508,-2956584.494,5075879.001,2476667.618
AUTO1509,-2956584.491,5075879.001,2476667.614
AUTO1510,-2956584.489,5075878.997,2476667.611
AUTO1511,-2956584.493,5075879,2476667.614
AUTO1512,-2956584.491,5075878.998,2476667.616
AUTO1513,-2956584.485,5075878.994,2476667.61
AUTO1514,-2956584.486,5075878.992,2476667.609
AUTO1515,-2956584.488,5075878.995,2476667.616
AUTO1516,-2956584.49,5075878.993,2476667.611
AUTO1517,-2956584.488,5075878.994,2476667.612
AUTO1518,-2956584.482,5075878.988,2476667.608
AUTO1519,-2956584.489,5075878.997,2476667.613
AUTO1520,-2956584.489,5075878.997,2476667.615
AUTO1521,-2956584.484,5075878.993,2476667.612
AUTO1522,-2956584.482,5075878.99,2476667.607
AUTO1523,-2956584.484,5075878.991,2476667.607
AUTO1524,-2956584.49,5075878.997,2476667.613
AUTO1525,-2956584.488,5075878.996,2476667.613
AUTO1526,-2956584.492,5075878.997,2476667.611
AUTO1527,-2956584.492,5075878.994,2476667.613
AUTO1528,-2956584.49,5075878.997,2476667.614
AUTO1529,-2956584.483,5075878.987,2476667.607
AUTO1530,-2956584.491,5075878.993,2476667.611
AUTO1531,-2956584.491,5075878.995,2476667.613
AUTO1532,-2956584.495,5075878.998,2476667.616
AUTO1533,-2956584.49,5075878.992,2476667.61
AUTO1534,-2956584.491,5075878.992,2476667.613
AUTO1535,-2956584.489,5075878.992,2476667.608
AUTO1536,-2956584.485,5075878.987,2476667.607
AUTO1537,-2956584.489,5075878.99,2476667.607
AUTO1538,-2956584.491,5075878.99,2476667.608
AUTO1539,-2956584.494,5075878.993,2476667.61
AUTO1540,-2956584.488,5075878.99,2476667.608
AUTO1541,-2956584.49,5075878.995,2476667.612
AUTO1542,-2956584.491,5075878.993,2476667.61
AUTO1543,-2956584.49,5075878.993,2476667.608
AUTO1544,-2956584.484,5075878.988,2476667.605
AUTO1545,-2956584.49,5075878.994,2476667.608
AUTO1546,-2956584.49,5075878.996,2476667.611
AUTO1547,-2956584.486,5075878.992,2476667.607
AUTO1548,-2956584.489,5075878.993,2476667.607
AUTO1549,-2956584.491,5075878.996,2476667.61
AUTO1550,-2956584.49,5075878.988,2476667.608
AUTO1551,-2956584.489,5075878.995,2476667.609
AUTO1552,-2956584.488,5075878.991,2476667.609
AUTO1553,-2956584.49,5075878.995,2476667.609
AUTO1554,-2956584.49,5075878.997,2476667.612
AUTO1555,-2956584.488,5075878.991,2476667.606
AUTO1556,-2956584.492,5075878.995,2476667.609
AUTO1557,-2956584.49,5075878.995,2476667.61
AUTO1558,-2956584.49,5075878.992,2476667.607
AUTO1559,-2956584.49,5075878.993,2476667.608
AUTO1560,-2956584.49,5075878.992,2476667.607
AUTO1561,-2956584.49,5075878.994,2476667.604
AUTO1562,-2956584.484,5075878.987,2476667.603
AUTO1563,-2956584.49,5075878.994,2476667.607
AUTO1564,-2956584.488,5075878.992,2476667.609
AUTO1565,-2956584.487,5075878.989,2476667.602
AUTO1566,-2956584.487,5075878.988,2476667.604
AUTO1567,-2956584.486,5075878.99,2476667.607
AUTO1568,-2956584.485,5075878.991,2476667.609
AUTO1569,-2956584.48,5075878.986,2476667.604
AUTO1570,-2956584.486,5075878.991,2476667.606
AUTO1571,-2956584.486,5075878.99,2476667.605
AUTO1572,-2956584.487,5075878.988,2476667.6
AUTO1573,-2956584.482,5075878.987,2476667.605
AUTO1574,-2956584.484,5075878.987,2476667.601
AUTO1575,-2956584.489,5075878.993,2476667.606
AUTO1576,-2956584.485,5075878.989,2476667.603
AUTO1577,-2956584.492,5075878.998,2476667.606
AUTO1578,-2956584.483,5075878.99,2476667.604
AUTO1579,-2956584.485,5075878.992,2476667.606
AUTO1580,-2956584.488,5075878.993,2476667.606
AUTO1581,-2956584.488,5075878.996,2476667.606
AUTO1582,-2956584.492,5075878.993,2476667.608
AUTO1583,-2956584.488,5075878.996,2476667.604
AUTO1584,-2956584.488,5075878.994,2476667.606
AUTO1585,-2956584.489,5075878.995,2476667.605
AUTO1586,-2956584.489,5075878.998,2476667.606
AUTO1587,-2956584.487,5075878.992,2476667.602
AUTO1588,-2956584.491,5075878.995,2476667.607
AUTO1589,-2956584.487,5075878.995,2476667.605
AUTO1590,-2956584.488,5075878.993,2476667.604
AUTO1591,-2956584.487,5075878.995,2476667.606
AUTO1592,-2956584.483,5075878.993,2476667.603
AUTO1593,-2956584.49,5075878.999,2476667.608
AUTO1594,-2956584.486,5075878.993,2476667.608
AUTO1595,-2956584.488,5075878.996,2476667.607
AUTO1596,-2956584.486,5075878.991,2476667.61
AUTO1597,-2956584.484,5075878.995,2476667.605
AUTO1598,-2956584.485,5075878.995,2476667.604
AUTO1599,-2956584.488,5075878.999,2476667.61
AUTO1600,-2956584.485,5075878.994,2476667.608
AUTO1601,-2956584.482,5075878.994,2476667.607
AUTO1602,-2956584.49,5075879,2476667.607
AUTO1603,-2956584.485,5075878.99,2476667.605
AUTO1604,-2956584.488,5075878.998,2476667.605
AUTO1605,-2956584.486,5075878.992,2476667.603
AUTO1606,-2956584.486,5075878.992,2476667.603
AUTO1607,-2956584.49,5075879.001,2476667.609
AUTO1608,-2956584.486,5075878.991,2476667.602
AUTO1609,-2956584.491,5075879,2476667.607
AUTO1610,-2956584.489,5075878.993,2476667.603
AUTO1611,-2956584.488,5075878.995,2476667.608
AUTO1612,-2956584.489,5075878.996,2476667.606
AUTO1613,-2956584.489,5075878.995,2476667.604
AUTO1614,-2956584.485,5075878.993,2476667.606
AUTO1615,-2956584.488,5075878.991,2476667.604
AUTO1616,-2956584.488,5075878.994,2476667.604
AUTO1617,-2956584.486,5075878.993,2476667.606
AUTO1618,-2956584.488,5075878.995,2476667.604
AUTO1619,-2956584.493,5075878.994,2476667.606
AUTO1620,-2956584.489,5075878.996,2476667.607
AUTO1621,-2956584.491,5075878.999,2476667.608
AUTO1622,-2956584.487,5075878.992,2476667.604
AUTO1623,-2956584.49,5075878.995,2476667.606
AUTO1624,-2956584.485,5075878.991,2476667.606
AUTO1625,-2956584.489,5075878.996,2476667.605
AUTO1626,-2956584.49,5075878.997,2476667.61
AUTO1627,-2956584.491,5075878.999,2476667.611
AUTO1628,-2956584.485,5075878.994,2476667.604
AUTO1629,-2956584.491,5075878.996,2476667.612
AUTO1630,-2956584.484,5075878.995,2476667.611
AUTO1631,-2956584.489,5075878.998,2476667.614
AUTO1632,-2956584.488,5075878.996,2476667.609
AUTO1633,-2956584.488,5075878.998,2476667.608
AUTO1634,-2956584.491,5075878.999,2476667.606
AUTO1635,-2956584.487,5075878.994,2476667.608
AUTO1636,-2956584.489,5075878.999,2476667.608
AUTO1637,-2956584.493,5075879.001,2476667.61
AUTO1638,-2956584.486,5075878.996,2476667.605
AUTO1639,-2956584.489,5075878.998,2476667.606
AUTO1640,-2956584.487,5075878.995,2476667.605
AUTO1641,-2956584.494,5075879.002,2476667.609
AUTO1642,-2956584.49,5075879.001,2476667.601
AUTO1643,-2956584.485,5075878.999,2476667.605
AUTO1644,-2956584.489,5075878.998,2476667.606
AUTO1645,-2956584.492,5075878.999,2476667.607
AUTO1646,-2956584.492,5075879.002,2476667.605
AUTO1647,-2956584.491,5075878.997,2476667.603
AUTO1648,-2956584.49,5075878.999,2476667.606
AUTO1649,-2956584.492,5075879.001,2476667.604
AUTO1650,-2956584.493,5075879,2476667.606
AUTO1651,-2956584.493,5075879.006,2476667.607
AUTO1652,-2956584.492,5075879.002,2476667.608
AUTO1653,-2956584.491,5075879,2476667.605
AUTO1654,-2956584.493,5075878.998,2476667.606
AUTO1655,-2956584.492,5075879.002,2476667.606
AUTO1656,-2956584.488,5075878.999,2476667.609
AUTO1657,-2956584.487,5075878.994,2476667.605
AUTO1658,-2956584.489,5075878.996,2476667.604
AUTO1659,-2956584.493,5075878.996,2476667.602
AUTO1660,-2956584.495,5075879.003,2476667.608
AUTO1661,-2956584.491,5075878.996,2476667.605
AUTO1662,-2956584.489,5075878.992,2476667.604
AUTO1663,-2956584.487,5075878.993,2476667.604
AUTO1664,-2956584.496,5075879.001,2476667.611
AUTO1665,-2956584.488,5075878.993,2476667.606
AUTO1666,-2956584.492,5075878.999,2476667.606
AUTO1667,-2956584.49,5075879,2476667.605
AUTO1668,-2956584.487,5075878.996,2476667.606
AUTO1669,-2956584.49,5075878.997,2476667.601
AUTO1670,-2956584.49,5075878.999,2476667.602
AUTO1671,-2956584.493,5075878.999,2476667.605
AUTO1672,-2956584.487,5075878.994,2476667.604
AUTO1673,-2956584.49,5075878.997,2476667.602
AUTO1674,-2956584.49,5075878.999,2476667.608
AUTO1675,-2956584.488,5075878.993,2476667.605
AUTO1676,-2956584.486,5075878.993,2476667.607
AUTO1677,-2956584.49,5075878.999,2476667.603
AUTO1678,-2956584.49,5075878.999,2476667.608
AUTO1679,-2956584.492,5075879.001,2476667.604
AUTO1680,-2956584.489,5075878.999,2476667.608
AUTO1681,-2956584.491,5075878.997,2476667.607
AUTO1682,-2956584.489,5075878.996,2476667.607
AUTO1683,-2956584.491,5075878.996,2476667.607
AUTO1684,-2956584.49,5075878.995,2476667.609
AUTO1685,-2956584.49,5075878.998,2476667.608
AUTO1686,-2956584.493,5075878.999,2476667.607
AUTO1687,-2956584.488,5075878.995,2476667.606
AUTO1688,-2956584.49,5075878.996,2476667.61
AUTO1689,-2956584.485,5075878.992,2476667.609
AUTO1690,-2956584.492,5075878.995,2476667.607
AUTO1691,-2956584.487,5075878.995,2476667.604
AUTO1692,-2956584.487,5075878.996,2476667.609
AUTO1693,-2956584.488,5075878.998,2476667.61
AUTO1694,-2956584.49,5075879,2476667.61
AUTO1695,-2956584.49,5075879.002,2476667.609
AUTO1696,-2956584.494,5075879,2476667.607
AUTO1697,-2956584.486,5075878.992,2476667.607
AUTO1698,-2956584.491,5075879.001,2476667.612
AUTO1699,-2956584.493,5075879.002,2476667.61
AUTO1700,-2956584.491,5075879.001,2476667.614
AUTO1701,-2956584.491,5075878.998,2476667.609
AUTO1702,-2956584.487,5075878.994,2476667.609
AUTO1703,-2956584.49,5075878.997,2476667.61
AUTO1704,-2956584.492,5075878.992,2476667.61
AUTO1705,-2956584.491,5075878.998,2476667.609
AUTO1706,-2956584.496,5075878.997,2476667.612
AUTO1707,-2956584.487,5075878.995,2476667.608
AUTO1708,-2956584.49,5075878.996,2476667.608
AUTO1709,-2956584.491,5075878.999,2476667.617
AUTO1710,-2956584.494,5075878.999,2476667.614
AUTO1711,-2956584.487,5075878.994,2476667.614
AUTO1712,-2956584.491,5075878.995,2476667.613
AUTO1713,-2956584.486,5075878.992,2476667.612
AUTO1714,-2956584.491,5075878.999,2476667.614
AUTO1715,-2956584.49,5075878.995,2476667.612
AUTO1716,-2956584.493,5075878.995,2476667.61
AUTO1717,-2956584.485,5075878.993,2476667.612
AUTO1718,-2956584.486,5075878.995,2476667.617
AUTO1719,-2956584.485,5075878.994,2476667.611
AUTO1720,-2956584.485,5075878.996,2476667.615
AUTO1721,-2956584.486,5075878.99,2476667.615
AUTO1722,-2956584.485,5075878.995,2476667.612
AUTO1723,-2956584.482,5075878.994,2476667.61
AUTO1724,-2956584.479,5075878.993,2476667.608
AUTO1725,-2956584.483,5075878.992,2476667.608
AUTO1726,-2956584.483,5075878.995,2476667.61
AUTO1727,-2956584.483,5075878.991,2476667.611
AUTO1728,-2956584.482,5075878.989,2476667.612
AUTO1729,-2956584.492,5075878.997,2476667.613
AUTO1730,-2956584.482,5075878.992,2476667.61
AUTO1731,-2956584.48,5075878.985,2476667.606
AUTO1732,-2956584.491,5075878.999,2476667.612
AUTO1733,-2956584.49,5075879.001,2476667.614
AUTO1734,-2956584.492,5075878.997,2476667.615
AUTO1735,-2956584.488,5075878.997,2476667.611
AUTO1736,-2956584.489,5075878.996,2476667.611
AUTO1737,-2956584.492,5075878.997,2476667.615
AUTO1738,-2956584.492,5075878.999,2476667.612
AUTO1739,-2956584.491,5075879.001,2476667.606
AUTO1740,-2956584.491,5075878.998,2476667.607
AUTO1741,-2956584.492,5075878.992,2476667.61
AUTO1742,-2956584.493,5075878.995,2476667.608
AUTO1743,-2956584.493,5075878.997,2476667.611
AUTO1744,-2956584.491,5075878.999,2476667.609
AUTO1745,-2956584.49,5075878.998,2476667.605
AUTO1746,-2956584.486,5075878.988,2476667.607
AUTO1747,-2956584.49,5075878.996,2476667.607
AUTO1748,-2956584.493,5075878.998,2476667.607
AUTO1749,-2956584.492,5075878.995,2476667.606
AUTO1750,-2956584.489,5075878.997,2476667.605
AUTO1751,-2956584.488,5075878.997,2476667.605
AUTO1752,-2956584.49,5075878.998,2476667.607
AUTO1753,-2956584.488,5075878.998,2476667.605
AUTO1754,-2956584.492,5075879,2476667.611
AUTO1755,-2956584.489,5075878.993,2476667.61
AUTO1756,-2956584.492,5075879,2476667.611
AUTO1757,-2956584.487,5075878.993,2476667.608
AUTO1758,-2956584.49,5075878.995,2476667.607
AUTO1759,-2956584.487,5075878.989,2476667.609
AUTO1760,-2956584.483,5075878.986,2476667.605
AUTO1761,-2956584.489,5075878.991,2476667.607
AUTO1762,-2956584.488,5075878.994,2476667.614
AUTO1763,-2956584.486,5075878.992,2476667.607
AUTO1764,-2956584.491,5075878.993,2476667.609
AUTO1765,-2956584.486,5075878.989,2476667.602
AUTO1766,-2956584.483,5075878.988,2476667.611
AUTO1767,-2956584.488,5075878.989,2476667.608
AUTO1768,-2956584.487,5075878.989,2476667.611
AUTO1769,-2956584.488,5075878.99,2476667.608
AUTO1770,-2956584.489,5075878.992,2476667.61
AUTO1771,-2956584.482,5075878.987,2476667.605
AUTO1772,-2956584.485,5075878.987,2476667.608
AUTO1773,-2956584.487,5075878.992,2476667.611
AUTO1774,-2956584.487,5075878.993,2476667.612
AUTO1775,-2956584.48,5075878.989,2476667.609
AUTO1776,-2956584.486,5075878.99,2476667.606
AUTO1777,-2956584.485,5075878.996,2476667.613
AUTO1778,-2956584.482,5075878.98,2476667.603
AUTO1779,-2956584.481,5075878.989,2476667.608
AUTO1780,-2956584.477,5075878.981,2476667.601
AUTO1781,-2956584.483,5075878.987,2476667.605
AUTO1782,-2956584.488,5075878.99,2476667.603
AUTO1783,-2956584.487,5075878.989,2476667.602
AUTO1784,-2956584.487,5075878.986,2476667.6
AUTO1785,-2956584.484,5075878.987,2476667.605
AUTO1786,-2956584.487,5075878.986,2476667.604
AUTO1787,-2956584.489,5075878.986,2476667.603
AUTO1788,-2956584.483,5075878.983,2476667.603
AUTO1789,-2956584.487,5075878.989,2476667.605
AUTO1790,-2956584.484,5075878.983,2476667.609
AUTO1791,-2956584.482,5075878.982,2476667.609
AUTO1792,-2956584.485,5075878.984,2476667.606
AUTO1793,-2956584.483,5075878.984,2476667.603
AUTO1794,-2956584.484,5075878.982,2476667.602
AUTO1795,-2956584.482,5075878.983,2476667.606
AUTO1796,-2956584.489,5075878.99,2476667.608
AUTO1797,-2956584.489,5075878.988,2476667.606
AUTO1798,-2956584.485,5075878.988,2476667.605
AUTO1799,-2956584.483,5075878.989,2476667.611
AUTO1800,-2956584.485,5075878.988,2476667.607
AUTO1801,-2956584.489,5075878.992,2476667.611
AUTO1802,-2956584.487,5075878.991,2476667.613
AUTO1803,-2956584.484,5075878.987,2476667.611
AUTO1804,-2956584.487,5075878.99,2476667.608
AUTO1805,-2956584.481,5075878.986,2476667.61
AUTO1806,-2956584.49,5075878.992,2476667.611
AUTO1807,-2956584.484,5075878.989,2476667.605
AUTO1808,-2956584.491,5075878.995,2476667.611
AUTO1809,-2956584.492,5075878.999,2476667.611
AUTO1810,-2956584.489,5075878.989,2476667.613
AUTO1811,-2956584.49,5075878.992,2476667.613
AUTO1812,-2956584.489,5075878.991,2476667.607
AUTO1813,-2956584.488,5075878.992,2476667.613
AUTO1814,-2956584.492,5075878.996,2476667.611
AUTO1815,-2956584.487,5075878.987,2476667.609
AUTO1816,-2956584.492,5075878.992,2476667.615
AUTO1817,-2956584.49,5075878.994,2476667.612
AUTO1818,-2956584.489,5075878.994,2476667.612
AUTO1819,-2956584.491,5075878.996,2476667.616
AUTO1820,-2956584.492,5075878.993,2476667.611
AUTO1821,-2956584.487,5075878.991,2476667.612
AUTO1822,-2956584.491,5075878.991,2476667.607
AUTO1823,-2956584.489,5075878.994,2476667.611
AUTO1824,-2956584.489,5075878.996,2476667.612
AUTO1825,-2956584.484,5075878.992,2476667.612
AUTO1826,-2956584.49,5075878.997,2476667.612
AUTO1827,-2956584.485,5075878.995,2476667.61
AUTO1828,-2956584.491,5075878.996,2476667.613
AUTO1829,-2956584.489,5075878.997,2476667.608
AUTO1830,-2956584.489,5075878.995,2476667.612
AUTO1831,-2956584.494,5075879,2476667.616
AUTO1832,-2956584.492,5075878.992,2476667.613
AUTO1833,-2956584.488,5075878.993,2476667.607
AUTO1834,-2956584.483,5075878.989,2476667.607
AUTO1835,-2956584.488,5075878.992,2476667.609
AUTO1836,-2956584.482,5075878.988,2476667.605
AUTO1837,-2956584.491,5075878.995,2476667.614
AUTO1838,-2956584.484,5075878.988,2476667.605
AUTO1839,-2956584.485,5075878.994,2476667.609
AUTO1840,-2956584.488,5075878.993,2476667.613
AUTO1841,-2956584.486,5075878.992,2476667.606
AUTO1842,-2956584.486,5075878.992,2476667.61
AUTO1843,-2956584.492,5075878.998,2476667.614
AUTO1844,-2956584.488,5075878.989,2476667.609
AUTO1845,-2956584.489,5075878.995,2476667.61
AUTO1846,-2956584.489,5075878.993,2476667.61
AUTO1847,-2956584.492,5075878.998,2476667.61
AUTO1848,-2956584.489,5075878.995,2476667.611
AUTO1849,-2956584.498,5075879.003,2476667.61
AUTO1850,-2956584.492,5075878.993,2476667.609
AUTO1851,-2956584.492,5075878.996,2476667.609
AUTO1852,-2956584.483,5075878.991,2476667.606
AUTO1853,-2956584.493,5075878.995,2476667.607
AUTO1854,-2956584.487,5075878.992,2476667.605
AUTO1855,-2956584.49,5075878.993,2476667.61
AUTO1856,-2956584.493,5075878.996,2476667.611
AUTO1857,-2956584.487,5075878.996,2476667.608
AUTO1858,-2956584.49,5075878.995,2476667.61
AUTO1859,-2956584.49,5075878.998,2476667.611
AUTO1860,-2956584.486,5075878.995,2476667.612
AUTO1861,-2956584.488,5075878.995,2476667.611
AUTO1862,-2956584.484,5075878.992,2476667.61
AUTO1863,-2956584.487,5075878.992,2476667.606
AUTO1864,-2956584.488,5075878.996,2476667.611
AUTO1865,-2956584.487,5075878.994,2476667.609
AUTO1866,-2956584.485,5075878.99,2476667.605
AUTO1867,-2956584.487,5075878.995,2476667.613
AUTO1868,-2956584.489,5075878.996,2476667.61
AUTO1869,-2956584.491,5075879,2476667.613
AUTO1870,-2956584.483,5075878.993,2476667.614
AUTO1871,-2956584.486,5075878.997,2476667.615
AUTO1872,-2956584.482,5075878.991,2476667.614
AUTO1873,-2956584.483,5075878.991,2476667.608
AUTO1874,-2956584.481,5075878.99,2476667.609
AUTO1875,-2956584.486,5075878.996,2476667.608
AUTO1876,-2956584.486,5075878.994,2476667.613
AUTO1877,-2956584.481,5075878.992,2476667.61
AUTO1878,-2956584.48,5075878.991,2476667.613
AUTO1879,-2956584.481,5075878.988,2476667.604
AUTO1880,-2956584.485,5075878.995,2476667.612
AUTO1881,-2956584.483,5075878.992,2476667.613
AUTO1882,-2956584.48,5075878.994,2476667.614
AUTO1883,-2956584.486,5075878.991,2476667.607
AUTO1884,-2956584.483,5075878.996,2476667.611
AUTO1885,-2956584.488,5075878.998,2476667.611
AUTO1886,-2956584.485,5075878.997,2476667.613
AUTO1887,-2956584.483,5075878.993,2476667.611
AUTO1888,-2956584.49,5075879.001,2476667.616
AUTO1889,-2956584.488,5075878.996,2476667.61
AUTO1890,-2956584.489,5075878.996,2476667.616
AUTO1891,-2956584.489,5075878.997,2476667.612
AUTO1892,-2956584.488,5075878.998,2476667.618
AUTO1893,-2956584.491,5075878.999,2476667.615
AUTO1894,-2956584.487,5075878.994,2476667.615
AUTO1895,-2956584.496,5075879.001,2476667.616
AUTO1896,-2956584.488,5075878.994,2476667.617
AUTO1897,-2956584.488,5075878.997,2476667.614
AUTO1898,-2956584.486,5075878.993,2476667.61
AUTO1899,-2956584.491,5075879,2476667.614
AUTO1900,-2956584.484,5075878.991,2476667.611
AUTO1901,-2956584.488,5075878.997,2476667.618
AUTO1902,-2956584.487,5075878.994,2476667.614
AUTO1903,-2956584.487,5075878.996,2476667.618
AUTO1904,-2956584.483,5075878.988,2476667.613
AUTO1905,-2956584.492,5075878.996,2476667.616
AUTO1906,-2956584.483,5075878.992,2476667.615
AUTO1907,-2956584.481,5075878.991,2476667.616
AUTO1908,-2956584.485,5075878.994,2476667.615
AUTO1909,-2956584.494,5075879.003,2476667.62
AUTO1910,-2956584.487,5075878.994,2476667.621
AUTO1911,-2956584.489,5075878.999,2476667.616
AUTO1912,-2956584.489,5075878.995,2476667.615
AUTO1913,-2956584.49,5075878.998,2476667.615
AUTO1914,-2956584.491,5075878.997,2476667.622
AUTO1915,-2956584.492,5075879,2476667.616
AUTO1916,-2956584.486,5075878.992,2476667.614
AUTO1917,-2956584.491,5075878.996,2476667.616
AUTO1918,-2956584.487,5075878.989,2476667.609
AUTO1919,-2956584.488,5075878.993,2476667.613
AUTO1920,-2956584.488,5075878.993,2476667.615
AUTO1921,-2956584.49,5075878.998,2476667.614
AUTO1922,-2956584.487,5075878.994,2476667.616
AUTO1923,-2956584.482,5075878.986,2476667.613
AUTO1924,-2956584.489,5075878.994,2476667.614
AUTO1925,-2956584.486,5075878.99,2476667.613
AUTO1926,-2956584.486,5075878.995,2476667.615
AUTO1927,-2956584.484,5075878.989,2476667.614
AUTO1928,-2956584.483,5075878.989,2476667.616
AUTO1929,-2956584.481,5075878.985,2476667.609
AUTO1930,-2956584.487,5075878.987,2476667.611
AUTO1931,-2956584.485,5075878.989,2476667.608
AUTO1932,-2956584.49,5075878.992,2476667.617
AUTO1933,-2956584.484,5075878.987,2476667.609
AUTO1934,-2956584.483,5075878.991,2476667.614
AUTO1935,-2956584.48,5075878.986,2476667.61
AUTO1936,-2956584.488,5075878.993,2476667.614
AUTO1937,-2956584.484,5075878.987,2476667.607
AUTO1938,-2956584.489,5075878.99,2476667.611
AUTO1939,-2956584.482,5075878.988,2476667.608
AUTO1940,-2956584.49,5075878.992,2476667.613
AUTO1941,-2956584.484,5075878.993,2476667.613
AUTO1942,-2956584.481,5075878.99,2476667.608
AUTO1943,-2956584.484,5075878.989,2476667.612
AUTO1944,-2956584.482,5075878.986,2476667.612
AUTO1945,-2956584.49,5075878.993,2476667.609
AUTO1946,-2956584.484,5075878.994,2476667.611
AUTO1947,-2956584.483,5075878.992,2476667.612
AUTO1948,-2956584.48,5075878.986,2476667.614
AUTO1949,-2956584.481,5075878.986,2476667.611
AUTO1950,-2956584.482,5075878.992,2476667.615
AUTO1951,-2956584.482,5075878.987,2476667.611
AUTO1952,-2956584.482,5075878.987,2476667.608
AUTO1953,-2956584.482,5075878.987,2476667.609
AUTO1954,-2956584.48,5075878.985,2476667.608
AUTO1955,-2956584.48,5075878.986,2476667.612
AUTO1956,-2956584.482,5075878.99,2476667.612
AUTO1957,-2956584.476,5075878.983,2476667.61
AUTO1958,-2956584.482,5075878.988,2476667.613
AUTO1959,-2956584.483,5075878.988,2476667.616
AUTO1960,-2956584.482,5075878.986,2476667.609
AUTO1961,-2956584.482,5075878.988,2476667.614
AUTO1962,-2956584.483,5075878.986,2476667.612
AUTO1963,-2956584.482,5075878.986,2476667.612
AUTO1964,-2956584.48,5075878.985,2476667.608
AUTO1965,-2956584.484,5075878.989,2476667.61
AUTO1966,-2956584.479,5075878.985,2476667.612
AUTO1967,-2956584.484,5075878.99,2476667.609
AUTO1968,-2956584.489,5075878.992,2476667.607
AUTO1969,-2956584.482,5075878.987,2476667.606
AUTO1970,-2956584.489,5075878.993,2476667.614
AUTO1971,-2956584.484,5075878.992,2476667.609
AUTO1972,-2956584.483,5075878.992,2476667.613
AUTO1973,-2956584.487,5075878.989,2476667.609
AUTO1974,-2956584.488,5075878.99,2476667.606
AUTO1975,-2956584.485,5075878.994,2476667.612
AUTO1976,-2956584.489,5075878.995,2476667.611
AUTO1977,-2956584.485,5075878.994,2476667.615
AUTO1978,-2956584.484,5075878.996,2476667.614
AUTO1979,-2956584.484,5075878.99,2476667.612
AUTO1980,-2956584.484,5075878.992,2476667.608
AUTO1981,-2956584.48,5075878.988,2476667.608
AUTO1982,-2956584.483,5075878.991,2476667.614
AUTO1983,-2956584.485,5075878.994,2476667.615
AUTO1984,-2956584.485,5075878.993,2476667.612
AUTO1985,-2956584.488,5075878.996,2476667.615
AUTO1986,-2956584.485,5075878.995,2476667.614
AUTO1987,-2956584.484,5075878.99,2476667.611
AUTO1988,-2956584.476,5075878.984,2476667.604
AUTO1989,-2956584.486,5075878.996,2476667.612
AUTO1990,-2956584.485,5075878.995,2476667.611
AUTO1991,-2956584.486,5075878.996,2476667.613
AUTO1992,-2956584.487,5075878.996,2476667.606
AUTO1993,-2956584.487,5075878.996,2476667.604
AUTO1994,-2956584.483,5075878.998,2476667.608
AUTO1995,-2956584.484,5075878.992,2476667.606
AUTO1996,-2956584.493,5075878.999,2476667.61
AUTO1997,-2956584.482,5075878.994,2476667.604
AUTO1998,-2956584.485,5075878.995,2476667.608
AUTO1999,-2956584.488,5075878.998,2476667.609
AUTO2000,-2956584.493,5075878.997,2476667.609
AUTO2001,-2956584.491,5075879.001,2476667.611
AUTO2002,-2956584.49,5075878.997,2476667.608
AUTO2003,-2956584.487,5075878.992,2476667.606
AUTO2004,-2956584.485,5075878.993,2476667.603
AUTO2005,-2956584.487,5075878.995,2476667.608
AUTO2006,-2956584.488,5075878.996,2476667.61
AUTO2007,-2956584.491,5075878.999,2476667.612
AUTO2008,-2956584.484,5075878.989,2476667.609
AUTO2009,-2956584.485,5075878.992,2476667.606
AUTO2010,-2956584.481,5075878.987,2476667.604
AUTO2011,-2956584.485,5075878.992,2476667.612
AUTO2012,-2956584.48,5075878.99,2476667.607
AUTO2013,-2956584.481,5075878.99,2476667.613
AUTO2014,-2956584.483,5075878.992,2476667.614
AUTO2015,-2956584.487,5075878.992,2476667.611
AUTO2016,-2956584.486,5075878.995,2476667.611
AUTO2017,-2956584.483,5075878.988,2476667.605
AUTO2018,-2956584.489,5075878.995,2476667.608
AUTO2019,-2956584.487,5075878.991,2476667.606
AUTO2020,-2956584.486,5075878.996,2476667.613
AUTO2021,-2956584.487,5075878.997,2476667.608
AUTO2022,-2956584.483,5075878.991,2476667.608
AUTO2023,-2956584.483,5075878.985,2476667.602
AUTO2024,-2956584.483,5075878.991,2476667.606
AUTO2025,-2956584.485,5075878.993,2476667.609
AUTO2026,-2956584.485,5075878.994,2476667.611
AUTO2027,-2956584.485,5075878.992,2476667.609
AUTO2028,-2956584.488,5075878.992,2476667.605
AUTO2029,-2956584.486,5075878.991,2476667.608
AUTO2030,-2956584.482,5075878.987,2476667.608
AUTO2031,-2956584.485,5075878.991,2476667.608
AUTO2032,-2956584.488,5075878.992,2476667.608
AUTO2033,-2956584.489,5075878.99,2476667.611
AUTO2034,-2956584.491,5075878.994,2476667.607
AUTO2035,-2956584.481,5075878.988,2476667.608
AUTO2036,-2956584.493,5075879.001,2476667.616
AUTO2037,-2956584.486,5075878.991,2476667.608
AUTO2038,-2956584.488,5075878.99,2476667.61
AUTO2039,-2956584.492,5075878.995,2476667.612
AUTO2040,-2956584.492,5075878.996,2476667.609
AUTO2041,-2956584.494,5075878.995,2476667.609
AUTO2042,-2956584.495,5075878.999,2476667.612
AUTO2043,-2956584.492,5075878.995,2476667.611
AUTO2044,-2956584.488,5075878.994,2476667.611
AUTO2045,-2956584.498,5075879.003,2476667.618
AUTO2046,-2956584.49,5075878.996,2476667.613
AUTO2047,-2956584.489,5075878.994,2476667.612
AUTO2048,-2956584.496,5075879.002,2476667.615
AUTO2049,-2956584.484,5075878.99,2476667.609
AUTO2050,-2956584.485,5075878.99,2476667.605
AUTO2051,-2956584.487,5075878.992,2476667.61
AUTO2052,-2956584.485,5075878.993,2476667.611
AUTO2053,-2956584.482,5075878.987,2476667.612
AUTO2054,-2956584.491,5075878.995,2476667.611
AUTO2055,-2956584.489,5075878.993,2476667.61
AUTO2056,-2956584.487,5075878.993,2476667.608
AUTO2057,-2956584.486,5075878.992,2476667.61
AUTO2058,-2956584.49,5075878.997,2476667.61
AUTO2059,-2956584.488,5075878.997,2476667.616
AUTO2060,-2956584.487,5075878.994,2476667.61
AUTO2061,-2956584.487,5075878.991,2476667.61
AUTO2062,-2956584.484,5075878.988,2476667.607
AUTO2063,-2956584.49,5075878.992,2476667.608
AUTO2064,-2956584.492,5075878.995,2476667.613
AUTO2065,-2956584.493,5075878.999,2476667.611
AUTO2066,-2956584.492,5075878.998,2476667.613
AUTO2067,-2956584.491,5075878.996,2476667.613
AUTO2068,-2956584.493,5075878.997,2476667.613
AUTO2069,-2956584.494,5075878.998,2476667.617
AUTO2070,-2956584.495,5075878.992,2476667.61
AUTO2071,-2956584.498,5075879.002,2476667.614
AUTO2072,-2956584.492,5075878.996,2476667.611
AUTO2073,-2956584.491,5075878.996,2476667.606
AUTO2074,-2956584.496,5075878.998,2476667.614
AUTO2075,-2956584.493,5075879,2476667.609
AUTO2076,-2956584.493,5075878.997,2476667.61
AUTO2077,-2956584.494,5075879.001,2476667.614
AUTO2078,-2956584.49,5075878.994,2476667.608
AUTO2079,-2956584.488,5075878.995,2476667.611
AUTO2080,-2956584.49,5075878.998,2476667.609
AUTO2081,-2956584.491,5075879,2476667.613
AUTO2082,-2956584.49,5075878.996,2476667.608
AUTO2083,-2956584.492,5075879.002,2476667.61
AUTO2084,-2956584.493,5075878.998,2476667.612
AUTO2085,-2956584.488,5075878.996,2476667.609
AUTO2086,-2956584.487,5075878.995,2476667.61
AUTO2087,-2956584.492,5075878.998,2476667.613
AUTO2088,-2956584.49,5075878.996,2476667.61
AUTO2089,-2956584.489,5075878.995,2476667.611
AUTO2090,-2956584.493,5075879.001,2476667.612
AUTO2091,-2956584.497,5075879.007,2476667.614
AUTO2092,-2956584.492,5075879,2476667.61
AUTO2093,-2956584.491,5075878.999,2476667.613
AUTO2094,-2956584.494,5075879.003,2476667.614
AUTO2095,-2956584.493,5075879,2476667.613
AUTO2096,-2956584.492,5075879,2476667.611
AUTO2097,-2956584.489,5075879,2476667.612
AUTO2098,-2956584.49,5075878.998,2476667.611
AUTO2099,-2956584.492,5075878.996,2476667.611
AUTO2100,-2956584.494,5075879.002,2476667.615
AUTO2101,-2956584.489,5075878.999,2476667.61
AUTO2102,-2956584.49,5075878.999,2476667.614
AUTO2103,-2956584.491,5075879.002,2476667.612
AUTO2104,-2956584.488,5075878.991,2476667.609
AUTO2105,-2956584.485,5075878.994,2476667.607
AUTO2106,-2956584.483,5075878.993,2476667.612
AUTO2107,-2956584.484,5075878.999,2476667.61
AUTO2108,-2956584.488,5075878.999,2476667.613
AUTO2109,-2956584.49,5075879,2476667.61
AUTO2110,-2956584.488,5075878.999,2476667.611
AUTO2111,-2956584.486,5075878.992,2476667.612
AUTO2112,-2956584.483,5075878.996,2476667.613
AUTO2113,-2956584.485,5075878.996,2476667.612
AUTO2114,-2956584.486,5075878.994,2476667.611
AUTO2115,-2956584.489,5075878.999,2476667.617
AUTO2116,-2956584.489,5075878.994,2476667.61
AUTO2117,-2956584.492,5075879.002,2476667.612
AUTO2118,-2956584.494,5075879.002,2476667.611
AUTO2119,-2956584.493,5075878.999,2476667.617
AUTO2120,-2956584.487,5075878.996,2476667.61
AUTO2121,-2956584.489,5075879,2476667.613
AUTO2122,-2956584.49,5075878.997,2476667.611
AUTO2123,-2956584.492,5075878.999,2476667.614
AUTO2124,-2956584.495,5075879.005,2476667.616
AUTO2125,-2956584.489,5075879,2476667.615
AUTO2126,-2956584.491,5075879.004,2476667.615
AUTO2127,-2956584.489,5075879,2476667.611
AUTO2128,-2956584.494,5075879.003,2476667.611
AUTO2129,-2956584.49,5075879,2476667.612
AUTO2130,-2956584.494,5075879.005,2476667.612
AUTO2131,-2956584.489,5075879,2476667.609
AUTO2132,-2956584.487,5075879.001,2476667.611
AUTO2133,-2956584.489,5075878.999,2476667.612
AUTO2134,-2956584.486,5075878.997,2476667.612
AUTO2135,-2956584.481,5075878.992,2476667.609
AUTO2136,-2956584.487,5075878.998,2476667.61
AUTO2137,-2956584.484,5075878.996,2476667.611
AUTO2138,-2956584.488,5075878.998,2476667.609
AUTO2139,-2956584.487,5075878.998,2476667.615
AUTO2140,-2956584.487,5075879.001,2476667.611
AUTO2141,-2956584.487,5075878.999,2476667.612
AUTO2142,-2956584.485,5075878.996,2476667.612
AUTO2143,-2956584.486,5075878.998,2476667.613
AUTO2144,-2956584.484,5075878.992,2476667.608
AUTO2145,-2956584.488,5075878.999,2476667.607
AUTO2146,-2956584.484,5075878.997,2476667.611
AUTO2147,-2956584.492,5075879.004,2476667.612
AUTO2148,-2956584.487,5075878.994,2476667.613
AUTO2149,-2956584.489,5075879.003,2476667.611
CN11,-2956512.947,5076009.972,2476577.496
